building,roomNumber,occupancy,apartmentRate,y2006,y2007,y2008,y2009,y2010,y2011,b0,b1
"Minden",807,1,,1,,18,3,1,3,0.649945530469426,-0.193673560771313
"East Andrews",204,1,,2,59,206,,146,125,2.4245121982348,-0.0232218222305692
"Minden",409,1,,3,1,,5,11,2,1.97203565971947,-0.434813648051
"East Andrews",360,1,,4,48,127,106,91,72,3.1612681881708,-0.0426204770259176
"Slater Hall",205,1,,5,9,24,12,4,,2.48160120856496,-0.227520629250183
"Minden",609,1,,6,3,3,6,,,6.10948166352873,-1.22266501134149
"Minden",405,1,,7,,,,,49,2.01228737983979,-0.0751662923454416
"Minden",605,1,,9,,26,18,,85,1.56981018582289,-0.0503775750799806
"Slater Hall",206,1,,10,,54,57,16,,2.62932466286486,-0.077744346910221
"East Andrews",406,1,,11,41,191,,,,1.21103009066683,-0.0180839361279558
"Hegeman A",202,1,,12,5,61,82,6,,1.2432343355269,-0.0445605582115306
"Gregorian Quad A","409E",1,,13,110,41,102,52,54,3.10169936260627,-0.05034851624106
"Gregorian Quad A",411,3,1,14,,107,58,56,4,1.92114969778619,-0.0426615203272756
"Slater Hall",305,1,,15,,8,4,13,23,3.46746534846112,-0.267359032607218
"Slater Hall",307,1,,16,,,27,15,11,5.37298179422213,-0.303005420871781
"Gregorian Quad A","409A",1,,18,126,13,14,7,100,1.05026158312702,-0.0289112918843813
"Miller",114,1,,19,,,,,22,25.8769486795994,-1.23223565140998
"West Andrews",317,1,,20,28,40,141,43,18,1.50880262553496,-0.035054036794527
"West Andrews",217,1,,21,34,124,50,20,90,2.32329870293426,-0.0424324277535388
"Metcalf",401,1,,22,,33,31,,,11.0770927720321,-0.379786675062824
"East Andrews",306,1,,23,11,39,40,89,72,2.82212955416762,-0.0624189806061274
"Hegeman A",102,1,,24,,77,85,42,,4.03887255645106,-0.0705557268344054
"East Andrews",220,1,,26,52,223,136,36,26,1.49964694730457,-0.0203543928510852
"Metcalf",114,1,,27,,,28,25,27,47.0367393546166,-1.72612385780027
"Gregorian Quad A","410D",1,,28,112,62,98,39,59,3.90316463743773,-0.0587091453763622
"Miller",118,1,,29,,,263,193,227,3.42214046424374,-0.019353084395374
"East Andrews",408,1,,30,129,191,129,46,75,3.04659400202404,-0.0307832994832585
"East Andrews",458,1,,30,133,265,83,,,2.29083338739916,-0.0186203274352138
"East Andrews",460,1,,30,207,9,73,46,106,1.66824868360162,-0.0233273631898343
"Barbour Hall Apartments",230,3,1,31,302,,,,,1.71140702563191,-0.0112359283303918
"Gregorian Quad B","405C",1,,32,98,51,17,2,17,1.5385302975556,-0.0473792402559106
"Hope College",108,1,,33,,,99,118,156,4.01742717190356,-0.0395648858485457
"Slater Hall",106,1,,34,,63,59,,47,8.205963404967,-0.160122123383303
"Gregorian Quad A","408B",1,,35,90,45,43,83,,4.69332254943552,-0.0787738544529343
"East Andrews",308,1,,36,27,176,106,46,58,2.24921992598397,-0.0312079217606232
"East Andrews",420,1,,37,58,149,36,8,16,1.36150892444225,-0.0311305662539444
"Morriss Hall",120,2,,37,56,15,266,,,0.928244116468119,-0.0134365791003294
"West Andrews",405,1,,38,135,168,,,101,4.05452988252991,-0.0366850397439924
"Gregorian Quad A","410E",1,,39,173,62,145,39,29,2.23110417570856,-0.0285859612512527
"Gregorian Quad A","410F",1,,40,157,62,138,67,66,3.55461539216404,-0.0403381344466126
"Metcalf",324,1,,41,,57,128,80,134,4.18406894871152,-0.0474525342021825
"East Andrews",222,1,,42,50,89,67,36,46,5.55561712869558,-0.100174260195508
"Barbour Hall Apartments",340,4,1,43,65,60,72,101,147,4.23491796563338,-0.0519307810384953
"Young Orchard #2",440,4,1,44,81,115,154,79,259,2.90585221125683,-0.0241611330573791
"Gregorian Quad A","410A",1,,45,112,55,47,,15,2.89809199292469,-0.053402553768604
"Gregorian Quad B","405A",2,,46,113,51,81,132,,4.47709567704776,-0.052746144719044
"East Andrews",260,1,,47,154,,141,131,28,3.29782806647158,-0.0331153725442717
"Young Orchard #2",420,4,1,48,143,104,77,81,117,5.62512407612047,-0.0589406349034743
"Gregorian Quad B",207,5,1,49,125,228,107,264,148,3.67761189281589,-0.0240446536283001
"Gregorian Quad A","409D",1,,50,110,56,65,38,43,4.52830331686751,-0.0746210617401057
"Young Orchard #10",240,4,1,51,111,180,87,71,376,1.94622963022847,-0.0141999606131098
"Young Orchard #2",230,4,1,52,43,101,117,78,119,5.13471445673234,-0.0601258908550596
"New Pembroke #4",403,1,,53,447,383,436,362,217,3.91715527299399,-0.0124008045310063
"Young Orchard #10",220,4,1,54,102,,,,,5.89479177119133,-0.0751292507491968
"Wayland House",323,1,,55,62,7,53,49,207,1.52738265602041,-0.0237520357532217
"Gregorian Quad A","409F",1,,56,110,44,97,66,74,5.93694899363697,-0.0791958830087178
"Young Orchard #4",110,4,1,57,152,284,259,171,86,3.51504083981944,-0.0210156840461598
"Gregorian Quad A","408E",1,,58,73,53,64,28,,6.64959218728388,-0.119406905260118
"Hope College",308,1,,59,159,344,,,183,3.07069547212532,-0.0166866424901016
"Young Orchard #2",210,4,1,60,97,67,119,78,77,7.66279987268054,-0.0917759477626466
"Metcalf",212,1,,61,37,,,,153,2.76421127199566,-0.0335801743443075
"Metcalf",214,1,,61,69,,,,200,2.87482168134061,-0.0265196779753762
"Gregorian Quad B","405B",1,,62,74,51,45,32,10,3.90904821487148,-0.0851211087335211
"Gregorian Quad B","405F",1,,62,120,62,55,114,100,5.82287125635628,-0.0677433376827018
"Young Orchard #4",230,4,1,64,102,183,143,119,237,4.48225774236051,-0.0316828214329064
"Young Orchard #2",240,4,1,65,,73,113,77,128,6.7150576549017,-0.0732422500229735
"Metcalf",116,1,,66,132,122,66,73,89,6.25208693723561,-0.0681024797694607
"Gregorian Quad A","409C",1,,67,131,90,120,122,100,8.72433402852332,-0.0826967147897515
"Barbour Hall Apartments",240,4,1,68,,80,120,10,167,2.80712736833762,-0.0320298265271707
"Young Orchard #10",210,4,1,69,146,88,87,139,381,2.19802725676993,-0.0151403438044138
"Young Orchard #2",310,4,1,70,82,81,61,69,149,5.23986894895552,-0.0611105085421842
"Minden",301,3,,71,71,65,86,93,56,10.8227767432336,-0.145925368628808
"Grad Center A",320,4,,72,,,,,390,2.20119652335701,-0.00992028622889827
"Gregorian Quad A",306,4,1,73,139,112,297,233,288,3.83387729370114,-0.0202032622425616
"Gregorian Quad A",202,4,1,74,297,267,294,319,345,5.36708240041897,-0.0201562388287047
"Gregorian Quad A",309,4,1,75,311,106,303,325,339,3.90950692406236,-0.0161242187003132
"Barbour Hall Apartments",140,4,1,76,60,48,130,70,236,2.5930435326923,-0.0256764123629809
"West Andrews",457,1,,77,66,151,25,107,92,3.94727651200008,-0.045683327366365
"West Andrews",459,1,,77,199,205,188,74,92,4.20037008127195,-0.0301823828714081
"West Andrews",403,1,,77,135,21,148,46,92,3.28936913710787,-0.0382374689393397
"Metcalf",220,1,,78,13,,,,103,2.83759677049597,-0.0444360613639887
"Young Orchard #2",340,4,1,79,113,75,84,53,93,8.31353572385717,-0.0997655195935345
"Metcalf",200,1,,80,26,,,,89,4.14500662228164,-0.0635301730425742
"Metcalf",202,1,,80,193,,,,270,4.09111079614097,-0.0226329013551941
"Gregorian Quad B",104,4,1,81,321,306,328,318,331,5.63919468884637,-0.0200565305398234
"Hope College",206,1,,82,174,241,204,54,142,4.02563966353639,-0.0269571419799079
"West Andrews",319,1,,83,,43,,,,5.71565749225629,-0.0900645058774843
"Gregorian Quad B","405D",1,,84,163,74,163,140,121,6.40986362818848,-0.0514295464511626
"Gregorian Quad B","405E",1,,84,163,78,167,140,123,6.53550350697359,-0.0517439941596933
"Gregorian Quad B",206,4,1,85,197,185,347,239,,4.40632715617337,-0.0209310751852054
"Gregorian Quad A","410B",1,,86,177,93,178,122,44,4.25088977735798,-0.036403681494099
"Gregorian Quad A","410C",1,,86,185,106,179,100,100,5.67976469897646,-0.0449268794665335
"Gregorian Quad A","409B",1,,87,90,87,101,104,100,24.6882282792437,-0.258967429502785
"Minden",715,3,,88,130,72,131,208,40,3.6142391573621,-0.0325111498814375
"Gregorian Quad A",307,5,1,89,206,82,95,216,144,4.49375593641373,-0.0323716337888896
"Gregorian Quad A",308,5,1,89,253,240,,,180,5.293320690601,-0.027740324860455
"Wayland House",304,1,,89,296,262,254,179,233,5.81549081080293,-0.0265281350325282
"Young Orchard #2",410,4,1,90,81,97,77,82,131,9.31046309464832,-0.0995781619462089
"Young Orchard #2",430,4,1,90,81,111,114,90,379,2.05292646776814,-0.0150300763757692
"Young Orchard #2",330,4,1,90,36,71,92,69,141,4.69489313533363,-0.0562261014456755
"Hegeman E",214,2,,91,85,117,261,21,184,2.68998506448303,-0.0217035508491652
"Wayland House",320,1,,92,40,,,,,4.54243731917735,-0.0684720784360116
"Young Orchard #2",320,4,1,94,113,92,104,69,261,3.29095706235514,-0.0271303380205447
"East Andrews",258,1,,95,148,195,133,98,118,7.00400047828253,-0.05320202019806
"Wayland House",326,1,,96,123,186,176,145,207,7.4145537825846,-0.0475331438740342
"Gregorian Quad A","408C",1,,97,73,85,62,122,,7.72011520225283,-0.0874357711158696
"Gregorian Quad A",313,4,1,98,,,74,259,159,3.58091164941533,-0.0243831844617079
"Metcalf",121,1,,99,29,,16,73,89,3.16939498608644,-0.0520522406801485
"Young Orchard #4",240,4,1,100,95,142,224,124,380,2.96984403309015,-0.0169672541738609
"Metcalf",201,1,,101,39,,,,103,4.89981173361168,-0.0602141952876901
"Metcalf",203,1,,101,78,,,,103,15.1156933215158,-0.159954429800184
"Hegeman E",116,3,,102,305,205,292,297,133,4.87201084512453,-0.0218984130177453
"East Andrews",206,1,,103,42,139,63,97,62,4.68237814290094,-0.0553066619368917
"Gregorian Quad A",405,3,1,104,32,189,135,122,102,4.33531207874958,-0.0379787936026139
"East Andrews",422,1,,105,135,150,76,26,32,3.12973517998889,-0.0361286143623447
"Young Orchard #4",420,4,1,106,124,247,124,108,93,4.60482363715936,-0.0343971332016858
"West Andrews",307,1,,107,180,250,106,91,118,4.51983299050175,-0.0317953481082457
"East Andrews",310,1,,108,,166,171,89,118,7.28940059826282,-0.0556921487949767
"East Andrews",320,1,,108,44,84,144,24,16,2.41174640512971,-0.0354479018123015
"East Andrews",322,1,,108,122,98,69,37,55,4.85520769778302,-0.0593072761299978
"Gregorian Quad B",306,4,1,109,117,136,314,214,222,4.54579743020682,-0.0245191715832732
"Grad Center B",330,4,,110,84,,357,311,,3.01065927018662,-0.0141583747466057
"Sears House",221,1,,111,245,103,305,,,3.85864306448456,-0.0202595415564166
"Young Orchard #4",410,4,1,112,171,247,217,133,93,5.26466855379619,-0.0323969882597511
"Young Orchard #4",210,4,1,113,94,145,150,104,372,2.82108034137335,-0.0176106641552553
"Plantations House",206,1,,114,80,50,,84,35,4.70846068831192,-0.0645380356668726
"Metcalf",204,1,,115,15,,,,89,2.87503139173423,-0.0398773244851972
"Gregorian Quad A",210,5,1,116,270,277,68,,282,3.87185916647952,-0.0191658927067462
"Metcalf",300,1,,117,,19,33,12,130,1.73211237387068,-0.0302597931743354
"Young Orchard #4",330,4,1,118,107,152,51,86,351,2.32270821551807,-0.0167065010840718
"East Andrews",304,1,,119,205,187,161,89,83,5.4137510711223,-0.0383821610319492
"Young Orchard #4",310,4,1,120,116,126,91,108,203,6.48897967434938,-0.0507734352805321
"East Andrews",358,1,,121,127,105,106,146,72,8.97879315562321,-0.0792258023050985
"East Andrews",362,1,,121,186,105,177,91,83,5.70635771405136,-0.0447239029628222
"Minden",814,2,,122,22,93,312,59,81,1.73117890714459,-0.016434084737657
"Metcalf",125,1,,123,91,114,111,99,89,15.3219409512364,-0.145923249423784
"Metcalf",123,1,,123,132,167,226,204,206,8.27105902204582,-0.0467746701117003
"West Andrews",219,1,,124,53,119,34,47,51,3.42139955000412,-0.0480878493630218
"Gregorian Quad A",201,4,1,125,232,276,361,319,338,6.28253316898567,-0.0227969633981293
"Gregorian Quad A",311,4,1,126,,198,303,325,317,5.82438258442229,-0.0229151727385905
"Gregorian Quad A",206,4,1,127,286,,,,,4.63297495151075,-0.0224287357057389
"Gregorian Quad A",205,3,1,128,63,131,,75,70,5.68363718433988,-0.0605658813572205
"Young Orchard #4",430,4,1,129,134,234,191,138,378,4.02643652078929,-0.0201039941112032
"Gregorian Quad B",208,4,1,130,258,290,342,276,242,7.19847629636645,-0.0280307481437298
"Wayland House",332,1,,131,266,52,176,166,189,4.52505451457449,-0.0276865458040558
"Young Orchard #10",230,4,1,133,141,180,263,162,384,4.20600155816725,-0.0200042323603954
"Hope College",116,1,,134,106,231,126,169,,6.32188725405486,-0.0411432617827023
"Young Orchard #4",320,4,1,135,121,121,91,,334,3.07763255814913,-0.0194100299610879
"Gregorian Quad A",301,4,1,136,139,253,180,288,180,6.29320118036104,-0.0320360199956965
"Wayland House",230,1,,137,156,211,192,149,87,7.09183647764706,-0.0455145693608236
"Wayland House",232,1,,137,215,,,176,87,5.86556112027911,-0.0380450350933595
"Plantations House",101,1,,138,164,259,,105,143,5.59839664373004,-0.0345172990610133
"West Andrews",255,1,,139,114,,153,72,76,6.16799639688409,-0.0554370901163229
"Gregorian Quad A",203,4,1,140,304,223,294,327,305,7.43354587253738,-0.0279478947837799
"Young Orchard #4",340,4,1,141,128,190,132,86,366,3.25409478928199,-0.0188850401791824
"Hegeman A",101,3,,142,254,298,8,117,,2.56966276052699,-0.0160916849942172
"Gregorian Quad A",401,4,1,143,270,286,307,337,98,4.88239183142443,-0.0203182981290609
"Young Orchard #4",120,4,1,144,251,269,173,113,309,5.33079371536813,-0.025367733149528
"Gregorian Quad B",310,4,1,145,120,288,350,243,245,5.27479637703478,-0.0227257013781901
"Wayland House",318,1,,146,67,64,176,196,207,4.39005710348461,-0.0307513628588833
"Wayland House",330,1,,146,196,52,125,166,161,5.63436427996458,-0.0398445389185689
"Gregorian Quad B",204,4,1,147,137,268,167,276,293,5.93539966618322,-0.0275975621362692
"West Andrews",303,1,,148,57,179,10,57,72,2.38644732545505,-0.0282389183944144
"West Andrews",417,1,,150,118,4,113,50,78,2.98243340338101,-0.0352641389615669
"Olney House",319,1,,151,,236,410,230,,4.85090251753094,-0.0188864741017318
"Miller",100,1,,152,,,265,237,165,7.82535528577361,-0.0381279529148435
"Young Orchard #10",320,4,1,153,216,216,279,152,389,5.15050814147378,-0.0219729453567791
"Gregorian Quad B",308,4,1,154,92,,350,267,244,4.36923287671609,-0.0197470243481372
"Young Orchard #4",440,4,1,155,88,249,217,,366,4.04923332316292,-0.0188704444579095
"Young Orchard #10",330,4,1,156,222,180,281,64,385,3.71228098912603,-0.0173652188151047
"Metcalf",304,1,,158,,19,39,99,130,2.78933050731283,-0.0318425088302468
"Metcalf",306,1,,158,,140,187,92,286,4.78212227157158,-0.0276752199465725
"West Andrews",401,1,,160,19,,182,85,92,3.14307858407168,-0.0294721158429951
"West Andrews",301,1,,161,57,234,169,,72,3.66961206862871,-0.0265644160173476
"West Andrews",305,1,,161,16,,96,91,72,3.19151855114553,-0.036859035663847
"West Andrews",353,1,,161,180,86,184,91,118,6.15284653204534,-0.0448725614218409
"West Andrews",355,1,,161,155,86,106,91,72,5.92716124123092,-0.0527883786034105
"West Andrews",357,1,,161,83,86,106,94,72,6.26827686158473,-0.0621840990845901
"West Andrews",359,1,,161,83,250,177,146,162,6.0127719287086,-0.036753124451465
"West Andrews",419,1,,162,24,5,88,61,,1.74636170619783,-0.0278715775068438
"Gregorian Quad A",211,4,1,163,314,301,320,337,,8.26144122384664,-0.0287363387731722
"Plantations House",303,1,,164,55,562,,500,599,2.38249066974165,-0.00622831658860977
"Gregorian Quad B",303,4,1,165,290,206,235,293,213,9.26447031735976,-0.0395639868478317
"Miller",102,1,,167,,,289,,188,7.31505576983291,-0.0340003048931208
"Miller",108,1,,167,,,100,186,175,8.49889760852365,-0.05396258301433
"Miller",110,1,,167,,,100,116,,8.13019042130862,-0.0634368868203497
"East Andrews",356,1,,167,186,283,168,91,118,5.0052803532598,-0.02959877555379
"Plantations House",304,1,,168,147,29,,65,31,2.38278699121396,-0.0279350432128043
"West Andrews",205,1,,169,114,148,141,72,84,6.3290850895906,-0.0519637249740244
"Hope College",214,1,,170,211,344,,,,5.87583679967376,-0.0242752659070954
"West Andrews",257,1,,171,108,118,1,132,76,3.26136921940103,-0.0325082932705143
"Metcalf",311,1,,172,184,35,94,201,249,3.84754075172698,-0.024747804183818
"Metcalf",315,1,,172,,95,197,150,168,8.32321741012744,-0.0530495008919297
"Metcalf",317,1,,172,184,256,218,174,253,10.8137717790983,-0.0514942496275731
"Gregorian Quad A",409,2,,173,424,420,625,445,598,5.11226584423558,-0.0113002338329714
"Marcy House",213,1,,175,,,,,,4043.59418519914,-23.040422425291
"Hope College",408,1,,176,165,297,268,195,181,7.73404562543668,-0.0361143554377716
"Gregorian Quad A",406,4,1,178,291,,149,293,292,6.8552055820194,-0.028437461497457
"Metcalf",416,1,,179,,221,75,,,4.6028012156291,-0.0290425163518743
"Gregorian Quad A",314,4,1,180,283,,358,279,234,8.22661605747285,-0.030777725428929
"West Andrews",407,1,,181,160,150,195,85,101,6.59673019829653,-0.0452442867872853
"Metcalf",301,1,,182,,35,20,172,,2.05524309159541,-0.021186838081519
"Metcalf",222,1,,183,93,,,,300,3.98283058319375,-0.0207867828646967
"Wayland House",327,1,,184,123,38,125,141,148,5.12409749337538,-0.0403948955450181
"Wayland House",213,1,,185,225,242,207,191,212,19.761445499089,-0.0937301762932648
"East Andrews",404,1,,186,186,,,,,4257.61857008073,-22.829053754152
"East Andrews",456,1,,186,136,283,170,107,113,4.99377509281845,-0.0300639310594478
"East Andrews",262,1,,186,168,283,141,146,135,6.30544406642773,-0.035634471194389
"Metcalf",110,1,,187,89,,,159,230,5.86064542532904,-0.0351636642700818
"Slater Hall",403,2,,189,605,410,519,154,132,2.83787351105354,-0.00851039260002233
"Young Orchard #10",340,4,1,190,109,188,275,136,391,4.00358898009781,-0.0186767890864959
"Gregorian Quad A",303,4,1,191,235,244,310,274,328,10.3399914457939,-0.0391420480418826
"West Andrews",259,1,,192,167,,186,157,76,6.76100522680454,-0.0433195890856439
"New Pembroke #4",301,1,,194,466,430,,355,339,6.86171624920072,-0.0192035681103153
"Wayland House",218,1,,195,247,,,,50,3.37975159802793,-0.0207511742198519
"Metcalf",316,1,,196,,192,218,180,289,10.0244096465882,-0.0465171925242588
"Metcalf",112,1,,198,89,217,253,159,250,6.18252845537692,-0.0317431529794009
"Olney House",321,1,,199,,386,311,,,7.04411371642716,-0.0235484653757722
"Metcalf",411,1,,200,46,256,38,,,2.18417155385325,-0.0169125271551006
"Metcalf",402,1,,200,,83,137,,,5.27171885720582,-0.0375582706544439
"Metcalf",410,1,,200,,263,251,,,15.8391607464465,-0.0664115760295847
"Metcalf",407,1,,200,,221,121,,,7.62215608715139,-0.0420753770952805
"Gregorian Quad A",304,4,1,201,229,237,249,294,332,10.724648031597,-0.0416492057428957
"Metcalf",308,1,,203,,160,210,92,286,5.37591356151249,-0.0282149671879837
"Young Orchard #10",310,4,1,205,103,193,157,130,104,6.73046778926322,-0.0451286357263654
"Olney House",222,1,,206,,214,366,,,6.44241178765352,-0.0245485744152708
"Wayland House",322,1,,207,240,12,54,141,207,2.81761491300401,-0.0199735968257231
"Metcalf",310,1,,208,172,31,198,237,321,3.93138227011439,-0.0202613927314501
"Grad Center C",110,4,,209,322,313,,349,336,11.1274313822523,-0.0363285854214833
"Hope College",314,1,,211,25,344,99,35,174,1.99062246230377,-0.0142708287867774
"Hegeman C",209,3,,212,268,311,333,272,176,8.8186331114506,-0.033595364398237
"Goddard House",321,1,,213,274,,158,,,8.24381093538331,-0.038255586231052
"Wayland House",313,1,,215,312,229,258,173,244,10.2424557146335,-0.042855615503871
"Wayland House",337,1,,215,,,,,246,27.0361507823237,-0.117039613776294
"Wayland House",346,1,,215,287,181,213,102,220,6.66691058144213,-0.0327675820483852
"Metcalf",322,1,,216,93,57,128,180,164,4.66107583583059,-0.0333220781120653
"Metcalf",323,1,,216,184,57,209,174,248,5.40204904471765,-0.029733894227607
"Metcalf",325,1,,216,,158,211,106,245,6.87885477151732,-0.0366537161075151
"Marcy House",303,1,,217,,,,,,5073.90239019529,-23.3282866799023
"Hope College",414,1,,218,162,358,293,210,209,6.76512509316813,-0.0279406385005034
"Gregorian Quad B",203,4,1,219,105,153,289,249,273,5.8962801122178,-0.027416245585721
"Archibald House",307,1,,220,233,,310,242,296,13.1669785468937,-0.050506254346272
"Poland House",332,1,,221,228,208,194,242,,24.1069084815727,-0.110026967054342
"Poland House",319,1,,221,318,204,105,242,296,6.04601392958799,-0.0261270189559556
"Metcalf",215,1,,221,54,,,,198,3.72014816893332,-0.0236735590955402
"Hope College",406,1,,222,165,297,268,206,157,7.84998708877508,-0.0357377104960452
"Hope College",316,1,,224,159,344,264,44,183,3.82592721927163,-0.0189072100331567
"Young Orchard #10",120,4,1,225,267,287,237,188,127,7.64171838464396,-0.0343727428523299
"Metcalf",309,1,,227,172,175,80,182,202,6.87858381752449,-0.0396520657905228
"Metcalf",211,1,,228,75,,,,153,4.31756148408012,-0.0283999557374969
"Minden",812,2,,229,115,93,49,88,99,3.46311095919433,-0.0310157018839667
"Gregorian Quad B",304,4,1,230,117,194,235,289,271,7.19215552003576,-0.0322311561638195
"Metcalf",225,1,,231,,,,,275,20.9017147305235,-0.0824525235952242
"Poland House",210,1,,232,330,338,349,397,362,11.9949358024074,-0.0357879861681829
"Young Orchard #10",110,4,1,233,275,287,162,197,127,6.70709356551939,-0.0313473553013095
"Gregorian Quad A",207,5,1,234,61,,,76,282,2.79841047753274,-0.0174531761329455
"Wayland House",237,1,,234,273,273,216,198,231,15.595675491129,-0.0655280490139657
"Minden",407,2,,235,192,254,255,60,366,4.41513530684466,-0.0194601271942511
"New Pembroke #4",227,1,,236,170,321,70,164,130,4.02484827759238,-0.0221722623895744
"Gregorian Quad B",102,4,1,237,318,,390,348,364,11.4322692266992,-0.0344449448242283
"Hegeman C",307,3,,238,,293,315,96,95,3.82780678462299,-0.0185157148032186
"Hegeman C",308,3,,238,336,275,317,347,176,8.5225332598451,-0.0302224543059192
"Minden",207,2,,239,277,147,392,14,386,3.06653281886909,-0.0127973563784933
"Archibald House",306,1,,241,356,384,526,391,,7.54628256577181,-0.0198509352356425
"Marcy House",215,1,,242,,128,,,,5.86449458204877,-0.031630048040341
"Minden",801,3,,243,445,370,453,429,443,9.70644316592309,-0.0244071808213724
"Mead House",223,1,,244,326,,342,381,315,13.0447634119144,-0.0404991163816183
"Metcalf",404,1,,245,,,200,,,17.9782450237447,-0.0806199329143886
"Metcalf",111,1,,246,89,130,243,218,270,5.41075216956909,-0.0270989315774416
"Gregorian Quad B",105,4,1,247,,294,328,345,371,13.3891686775033,-0.0421706145712607
"Gregorian Quad B",106,4,1,247,79,294,396,302,331,5.00151410549841,-0.0181883945091668
"Young Orchard #10",410,4,1,248,150,260,159,142,398,4.46993472977611,-0.0197706646014586
"Sears House",311,1,,249,,,,,,5871.92376495685,-23.5347644696601
"Olney House",324,1,,250,,388,371,,,9.94146803239608,-0.0295145793695423
"Goddard House",116,1,,251,372,,,,,9.35095237682876,-0.0299712575026318
"Young Orchard #10",430,4,1,252,239,162,118,184,405,4.38895925151893,-0.0193748454893614
"Wayland House","400A",7,1,253,264,372,330,331,324,13.753160975234,-0.0439632243656308
"Gregorian Quad B",210,4,1,254,258,290,352,286,148,7.84643219745119,-0.0295920552388539
"Gregorian Quad A",212,4,1,255,255,286,140,299,329,7.92265277943876,-0.0303370227773928
"Metcalf",313,1,,256,,95,94,150,243,4.23981159114528,-0.0253081384669304
"Gregorian Quad B",301,4,1,257,309,138,336,280,310,7.61375858387811,-0.0279764350071655
"Young Orchard #10",420,4,1,258,243,162,159,168,400,4.87776621987333,-0.0210425649783015
"Sears House",222,1,,258,315,,373,181,,7.19880854182251,-0.025507692296132
"Miller",115,1,,259,,,,,161,7.78282636805475,-0.0369750633691073
"Metcalf",104,1,,260,2,130,215,159,230,3.33918080283104,-0.0202664412553885
"Gregorian Quad B",307,5,1,261,153,99,122,370,263,3.892257800319,-0.0184698324235116
"Metcalf",302,1,,262,,79,181,237,333,4.57165381720788,-0.0209319575493514
"Gregorian Quad B",107,5,1,263,271,279,227,296,247,21.5993211069177,-0.0817124379848895
"Young Orchard #10",440,4,1,264,,264,282,142,415,5.68565312864392,-0.0207700930203969
"Gregorian Quad A",208,5,1,265,86,202,,245,276,5.59842057999844,-0.0260202619203872
"Sears House",220,1,,266,,164,373,181,,5.33819450018217,-0.0216754096214404
"Sears House",309,1,,267,138,,336,,,5.41742013128396,-0.0219064903009998
"Sears House",310,1,,267,161,,372,,239,6.21739576555893,-0.0238977339425145
"Gregorian Quad A",214,4,1,268,272,291,313,326,345,19.5925286285332,-0.0646618106657559
"Gregorian Quad A",209,4,1,268,217,304,384,336,329,10.4911699768157,-0.0341918419727834
"Miller",117,1,,269,,,134,194,,6.52848206344092,-0.0327316599091273
"Miller",119,1,,269,,,32,,227,2.8205391980803,-0.0163096793216031
"Minden",707,2,,270,226,328,428,128,214,5.04382599715779,-0.0189733340315061
"Metcalf",412,1,,271,,225,201,,,14.5411237846028,-0.0624529317848326
"Metcalf",209,1,,272,202,,,,103,4.97345408540641,-0.0258276733879522
"Metcalf",208,1,,273,119,,,,160,5.07222489721591,-0.0275260658714612
"Metcalf",210,1,,273,49,,,,160,2.93612250983742,-0.0185414082995355
"Mead House",231,1,,274,210,,383,381,365,8.47029415014339,-0.0262162114643693
"Hegeman E",113,3,,275,288,,244,315,301,21.3081031191717,-0.0747390498763581
"Minden",212,3,,276,448,585,598,620,625,6.78258906316287,-0.012695257066461
"Hegeman A",201,3,,277,227,233,164,153,,8.29082626666091,-0.039238438192767
"Metcalf",206,1,,278,49,,,,160,2.8911711922261,-0.0180897525873907
"Gregorian Quad A",402,4,1,279,244,258,344,322,325,14.4662747804419,-0.0489000855624895
"Gregorian Quad A",404,4,1,279,144,212,344,246,325,6.90631336703213,-0.0266863638175726
"Metcalf",109,1,,280,10,130,243,189,270,3.41385747176767,-0.0183811310429362
"Gregorian Quad B",305,4,1,281,303,,,,,48.2471909104352,-0.164947661232256
"Hegeman D",309,3,,283,336,292,298,334,,25.3855538484335,-0.0821273175297338
"Gregorian Quad A",403,4,1,284,313,305,239,322,306,19.4945066622778,-0.0660084875817348
"Slater Hall",401,3,,285,299,325,345,364,322,22.230021338804,-0.0686464889522157
"Slater Hall",402,2,,285,320,491,515,154,132,3.64886650985547,-0.0115697711744745
"Goddard House",338,1,,285,,336,,,,22.1226568839257,-0.0711339449652075
"Metcalf",218,1,,286,,,,,295,117.534448629423,-0.40389844889836
"Sears House","400A",7,1,287,500,125,517,,537,4.0850801185133,-0.0103154311233083
"Gregorian Quad A",302,4,1,288,304,251,338,295,318,20.1809634990398,-0.0673821819726745
"Gregorian Quad A",312,4,1,288,259,107,299,279,262,6.94422912591041,-0.0278364847954001
"Grad Center A",640,6,,289,699,589,559,402,396,5.8640328128494,-0.0118199446192051
"Metcalf",413,1,,289,,263,208,,,13.6350459689196,-0.0537165352557681
"Metcalf",418,1,,289,,242,196,,,11.6005472950466,-0.0477716815769504
"Metcalf",419,1,,289,,174,231,,,8.95295121001216,-0.0386186184925906
"Goddard House",221,1,,290,,,256,,,29.1850390135744,-0.106709466228792
"Gregorian Quad B",302,4,1,291,248,307,336,344,283,16.8497250301745,-0.0557937916535898
"Sears House",312,1,,292,252,,420,,257,8.14544048252472,-0.0266417234528452
"Archibald House",305,1,,293,,,,,,6971.92445938594,-23.7544273998744
"Gregorian Quad A",407,4,1,293,313,227,329,341,340,14.1285667373859,-0.045921671084291
"Metcalf",217,1,,294,175,,,,270,8.7087512721565,-0.0352825895367071
"New Pembroke #4",401,1,,295,461,441,,,228,6.56030169600358,-0.0183879943271878
"Hegeman E",213,3,,296,324,274,317,287,284,30.1061102169431,-0.101197009132583
"Grad Center C",540,5,,297,427,464,427,591,588,8.10871473872259,-0.0173603651587324
"Gregorian Quad B",202,4,1,298,276,243,363,332,352,13.2764833094745,-0.0426667969954687
"Olney House",322,1,,298,,369,371,,,18.5121249788872,-0.0534260461210533
"Sears House","306A",1,,299,201,123,372,230,,5.17849500267317,-0.0211165717536184
"Sears House","226A",1,,299,366,303,,,,19.1034599104225,-0.0591133365096262
"Sears House","226B",1,,299,369,,,,,17.3353256283916,-0.0518245908874754
"Hegeman D",403,3,,300,317,314,339,351,307,32.591123234849,-0.101267084106211
"Hegeman D",404,3,,300,317,314,339,360,307,28.5805131346857,-0.0883933395917772
"Hegeman E",212,2,,301,278,220,261,338,431,8.26874162763438,-0.0270818125971284
"Hegeman B",207,2,,301,293,299,8,273,431,3.63679411922124,-0.0136584430551649
"Hegeman B",306,3,,301,181,261,317,115,268,6.15276413879916,-0.0255390420361195
"Metcalf",414,1,,301,,278,283,,,52.8798115254943,-0.18371677426344
"Wayland House","400B",7,1,302,400,415,410,301,560,8.28086949700887,-0.0207762934050783
"Olney House",223,1,,302,,214,366,,,8.56738546960431,-0.0290919209450074
"Hegeman B",206,3,,303,289,,8,228,281,3.47777191327485,-0.0157801801480469
"Gregorian Quad A",204,4,1,304,286,100,290,247,305,6.41145714834228,-0.0250675131624547
"Miller",105,2,,305,250,,265,48,110,3.4001152775421,-0.017506832506588
"Gregorian Quad B",201,4,1,306,247,238,374,332,298,11.5928972413955,-0.0386860060141494
"Hegeman A",203,3,,307,346,271,338,292,,20.138907548083,-0.0646929249917281
"Hegeman A",301,3,,307,326,263,300,275,,23.66746002024,-0.0803103495768325
"Hegeman A",303,3,,307,326,322,300,275,,30.5697356487645,-0.0997381260971115
"Sears House","306B",1,,307,387,165,372,270,,6.8042115742907,-0.0226313054656766
"Minden",802,3,,308,524,347,324,405,,8.82069603237702,-0.0230837589520534
"Metcalf",216,1,,309,68,,,,37,1.48204669608329,-0.0121806465503246
"Gregorian Quad B",110,4,1,310,316,306,378,318,360,21.9559780575217,-0.0661656797321692
"Metcalf",318,1,,311,,57,218,180,321,3.95177321831393,-0.0182231720143693
"Metcalf",314,1,,311,,182,218,199,168,7.74434918629034,-0.0358389173911495
"Metcalf",409,1,,312,,263,240,,,16.441741733832,-0.0604105638999943
"Metcalf",408,1,,312,184,272,260,,,10.0784669855089,-0.0391398437235042
"Metcalf",406,1,,312,184,256,251,,,10.0425116715071,-0.0399703723084894
"Marcy House","306A",1,,313,,,,,,7466.09849586845,-23.8153061726483
"Grad Center A",510,5,,314,376,354,337,404,266,14.0440842515136,-0.0410245900026949
"Gregorian Quad B",108,4,1,315,319,300,370,318,312,26.3594448832697,-0.0816503197210298
"Goddard House",340,1,,315,,,,,,7515.14013132449,-23.8197785144073
"Goddard House",345,1,,315,,,,,,7515.14013132449,-23.8197785144073
"Young Orchard #2",120,4,1,316,295,209,,,438,6.96372786724634,-0.0221094577321646
"Metcalf",400,1,,317,101,83,251,,,3.23490425979099,-0.0173672573096965
"Gregorian Quad B",404,4,1,317,310,289,393,346,359,17.6967314779675,-0.052642731266268
"Hegeman B",204,3,,318,246,299,317,292,281,21.7126486198037,-0.0741890043970017
"Hegeman B",205,2,,318,246,532,335,383,215,5.90516988171635,-0.0174395969929511
"Marcy House","306B",1,,318,,,,,,7588.55251095751,-23.8259105243646
"Olney House",323,1,,318,,,371,,,23.6150155399629,-0.0684493204057238
"Minden",312,3,,319,566,617,637,597,604,8.29828828789594,-0.0146760846164868
"Hegeman E",112,3,,320,363,312,326,303,326,31.3826584879667,-0.0964136973516645
"Hegeman E",215,3,,320,265,117,230,160,221,5.97028489233958,-0.0272319212258399
"Grad Center C",610,6,,321,678,606,308,436,,5.23925557336697,-0.0109945817557677
"Grad Center C",640,5,,321,,587,398,428,573,7.91887570403313,-0.0171067857153335
"Barbour Hall Apartments",130,3,1,322,302,224,322,352,104,5.78703906121607,-0.0213260935465937
"Hegeman D",310,3,,323,323,292,298,219,284,15.07427366992,-0.0519205762138222
"Minden",208,2,,324,284,,428,200,550,5.24103229110883,-0.0146495366372424
"Barbour Hall Apartments",310,3,1,325,,282,,323,,28.4239817588635,-0.091542614360158
"Barbour Hall Apartments",330,3,1,325,418,289,424,290,,10.5572430645882,-0.0301894443041215
"Goddard House","344A",1,,325,,,,,,7759.10088888915,-23.8374835100072
"Mead House",203,1,,327,,,,,,7807.625175875,-23.8400768556811
"Mead House",204,1,,327,413,621,557,414,454,8.45422963312635,-0.0181599691293674
"Hegeman C",208,3,,328,268,315,322,333,176,9.51797824660969,-0.0327268246948499
"Mead House",229,1,,329,375,453,395,386,378,19.1943760273989,-0.0496620332506075
"Minden",606,2,,330,367,357,551,379,566,7.98443250243291,-0.0187528876276415
"Minden",608,2,,330,367,357,573,199,539,5.45712059880577,-0.0138028618000034
"Minden",809,2,,331,218,93,388,,229,4.39098339233843,-0.0174515367837995
"Minden",306,2,,331,263,197,406,334,392,8.05548836614273,-0.0250957649755492
"Morriss Hall",101,4,1,332,,,,,,7928.51414853377,-23.8451553225931
"Chapin House",312,1,,333,,,,,,7952.61725759403,-23.8459287981949
"Grad Center C",430,5,,334,538,422,409,558,434,10.5343879341911,-0.0234212658426881
"Hegeman D",210,3,,336,,302,252,221,170,7.94126736837696,-0.0309373875645658
"Hegeman D",211,3,,336,336,316,,317,307,50.340493064488,-0.155901186325451
"Hegeman B",107,3,,337,293,298,293,256,326,20.9337997904829,-0.0695475076123604
"Woolley",307,1,,339,329,329,412,329,315,19.4222406459724,-0.0566796906069625
"Hegeman D",110,3,,340,368,319,309,,,26.854863166253,-0.0802835969095805
"Hegeman D",111,3,,340,359,319,309,353,,31.7166773804036,-0.0942546133147207
"Woolley",219,1,,340,414,334,,260,204,7.80559924651826,-0.0251076089518118
"Woolley",218,1,,340,391,334,422,209,196,6.69393245411064,-0.0211976137953276
"Woolley",216,1,,340,361,320,,,302,27.2649013013981,-0.0823091360042235
"Hegeman C",108,3,,341,353,,325,353,327,50.9996235377549,-0.149866657472098
"Chapin House",310,1,,341,,,,,,8144.49839657705,-23.8491900327932
"Emery",107,1,,342,96,,,,105,2.56434923396806,-0.0145373152282575
"Emery",207,1,,342,45,,125,34,80,1.41658130591961,-0.0130038203395658
"Hegeman B",305,2,,343,593,532,397,399,421,9.3135275417387,-0.020778251012843
"Minden",513,3,,344,411,505,440,343,399,13.1880008885591,-0.0323630163308787
"Minden",506,2,,344,344,339,490,359,498,10.2782499351766,-0.025943454323073
"Minden",508,2,,344,308,339,440,359,440,13.3303110176606,-0.0358181057127274
"Olney House",224,1,,345,,214,306,,,9.53681168882343,-0.0330186394984348
"Goddard House",115,1,,345,372,,,,,48.2446582440249,-0.134386234663023
"Hegeman C",109,3,,345,353,315,325,350,332,44.3504877573055,-0.131538767446278
"Hegeman B",104,3,,346,352,298,293,355,330,23.9010958709244,-0.0725374685006518
"Hegeman B",105,2,,346,681,626,645,456,634,7.17711559581812,-0.0123565701124579
"Hegeman A",103,3,,346,355,298,340,360,,28.0308037961823,-0.0823708604060601
"Goddard House",312,1,,347,285,170,361,262,,7.56259983960608,-0.0264907605684337
"Goddard House",313,1,,347,,210,407,262,344,8.19882341612611,-0.0260701307552777
"Goddard House",314,1,,347,325,348,361,262,346,18.3450397244032,-0.0552561437767494
"Goddard House",315,1,,347,262,292,378,282,344,13.9733630377727,-0.0439413957832717
"Minden",512,3,,348,581,556,657,597,625,9.1409086909922,-0.0161029161419407
"Hegeman C",401,3,,349,292,232,245,269,176,8.86651183666838,-0.033971858046858
"Hegeman B",304,3,,350,337,261,262,213,216,9.2847254682581,-0.0339274764156132
"Goddard House",310,1,,350,325,348,404,250,346,13.3795328752657,-0.0396234961941024
"Barbour Hall Apartments",110,3,1,351,242,368,,,,10.4233345422495,-0.0324883970134319
"Woolley",106,1,,351,345,356,,,,141.933455957677,-0.404176903533972
"Woolley",206,1,,351,,337,349,334,315,47.4726650140542,-0.140576443630577
"Barbour Hall Apartments",80,4,1,352,421,500,515,383,514,12.3859805360895,-0.0276453117515028
"Minden",201,3,,353,429,414,365,380,386,26.6911937379448,-0.0687326877356268
"Goddard House","344B",1,,354,,,,,,8452.47313132615,-23.8433656864525
"Goddard House",316,1,,354,325,292,242,209,267,10.4816357962809,-0.0371690219634192
"Goddard House",317,1,,354,318,348,369,209,344,10.9933847018144,-0.0339127990113153
"Goddard House",318,1,,354,325,348,242,209,345,9.69890598612838,-0.0318695459380154
"Goddard House",319,1,,354,294,,,244,146,6.15491294944105,-0.0236808810613176
"Grad Center A",540,6,,355,439,608,469,283,489,7.64663240126515,-0.0173164630663842
"Sears House","114B",1,,357,238,,174,163,263,6.17480341079616,-0.0257908257939776
"Barbour Hall Apartments",370,4,1,358,627,385,403,424,404,8.78398354177448,-0.0202300641124054
"Goddard House",303,1,,360,,349,242,,,10.8194456194695,-0.0340770509821545
"Grad Center C",510,6,,361,609,408,381,339,651,6.42049368871306,-0.0139299609939341
"Poland House",323,1,,361,349,444,483,357,362,13.8446450036865,-0.0352131237053032
"Poland House",325,1,,361,349,403,490,357,362,14.2920245390519,-0.036882620934906
"Poland House",327,1,,361,349,360,321,353,296,25.9921577896879,-0.0763352651679637
"Barbour Hall Apartments",260,5,1,362,387,485,334,396,369,14.9300392540597,-0.0383476876427531
"Goddard House",117,1,,362,372,,,,,133.53700071654,-0.36336598834433
"Minden",507,3,,363,344,328,319,371,145,7.36717720507725,-0.0236018713818617
"Minden",406,2,,363,374,484,,,,13.526863621105,-0.0331946252762555
"Harkness House","400A",7,1,364,537,499,550,535,497,14.3252813315219,-0.0287889723920979
"Grad Center C",520,5,,365,580,,,423,,9.00457553206518,-0.0197099746855697
"Grad Center C",530,5,,365,484,411,379,434,,17.8125756720332,-0.0429115194376014
"Hegeman C",402,3,,366,,232,245,324,226,9.01136019691915,-0.0322876489197603
"Jameson House",319,1,,366,416,427,278,416,538,9.50810306481211,-0.0233400276217871
"Morriss Hall",401,6,1,367,549,509,368,510,563,10.679340452412,-0.0223201626615936
"Mead House",216,1,,368,375,486,480,399,451,16.1282660446939,-0.0377710393842768
"Mead House",218,1,,368,357,486,480,414,439,15.4333017555551,-0.0363563222648915
"Mead House",225,1,,368,375,,,,378,162.360457835487,-0.433925499783045
"Mead House",227,1,,368,375,453,500,386,378,15.1251246978821,-0.0368455600691462
"Poland House",201,1,,369,377,454,393,348,375,21.1249500097516,-0.0546570503783322
"Poland House",202,1,,369,335,495,478,370,375,12.1741088616696,-0.0301212041787372
"Poland House",203,1,,369,335,502,414,370,398,13.7131866253928,-0.034411939417341
"Poland House",204,1,,369,335,177,449,391,419,7.33269809706655,-0.0205297486305317
"Goddard House","306A",1,,371,338,388,404,277,375,15.6319144496952,-0.0435025442911807
"Grad Center C",620,5,,371,584,587,398,494,608,9.44362944536532,-0.0185561459985953
"Grad Center B",440,5,,372,332,591,541,590,387,7.65741219904053,-0.0162694593542529
"Barbour Hall Apartments",280,4,1,373,435,548,267,488,575,7.56821320530152,-0.0168582390733601
"Woolley",406,1,,375,329,337,373,329,314,26.9976973268794,-0.0786340698841176
"Woolley",315,1,,376,407,329,351,329,315,20.1298976266046,-0.057241415050353
"Woolley",316,1,,376,335,329,351,253,154,7.22052358578561,-0.0240573068824171
"Woolley",318,1,,376,335,,221,242,154,5.99692697033377,-0.0225456045033189
"Woolley",319,1,,376,407,337,351,242,,11.1816872891604,-0.0325901901578977
"Woolley",306,1,,377,282,329,349,229,154,6.82060570626917,-0.0237550477203229
"Woolley",323,1,,377,384,337,412,329,,21.6635117195854,-0.0588202870408369
"Barbour Hall Apartments",50,3,1,377,358,386,376,381,124,6.39834709066595,-0.0191496748529049
"Barbour Hall Apartments",60,6,1,377,457,324,316,600,350,7.32543227043109,-0.0181005268969366
"Grad Center B",420,5,,378,,565,566,384,606,8.88137511711186,-0.0176914529347085
"Grad Center A",610,5,,379,410,377,,,,46.7331675990477,-0.120085227235241
"Champlin",305,1,,380,,,266,,180,6.07282122405901,-0.0220243338847099
"Champlin",306,1,,380,,285,304,253,240,10.7715472695331,-0.0367755831070493
"Gregorian Quad B",405,2,,381,279,613,646,,601,5.5394480775057,-0.0107433044723676
"Minden",706,2,,382,350,328,599,350,411,7.96001282942844,-0.019705270704367
"Minden",708,2,,382,350,328,439,265,502,8.94568337916247,-0.0236545293756212
"Barbour Hall Apartments",360,5,1,383,406,393,356,411,310,19.7164057958697,-0.0522981584870105
"Grad Center A",520,5,,383,417,,,,,42.7371412247099,-0.106709466228989
"Emery",404,1,,383,329,94,375,312,194,4.81978958499279,-0.0171379261597573
"Chapin House","400B",5,1,385,515,,,508,518,15.6259056266558,-0.0324170130153138
"Grad Center C",440,5,,387,503,361,446,564,543,11.1005567721291,-0.0237195191941766
"Poland House",334,1,,387,228,346,454,372,362,9.63729019051619,-0.0268696809988445
"Poland House",336,1,,387,349,346,454,372,401,19.1330514433491,-0.0496532472594895
"Goddard House","306B",1,,387,405,387,407,277,375,15.2815555493273,-0.0409144691426693
"Poland House",338,1,,387,349,346,490,372,,13.3708398737601,-0.0343458070611922
"Grad Center B",610,6,,388,698,392,554,,,6.59544712025152,-0.0128182841573145
"Poland House",205,1,,388,377,391,449,,419,28.189469768943,-0.0695521089740854
"Minden",215,3,,389,307,437,354,261,487,8.89567094450791,-0.0238483293114843
"Minden",412,3,,389,563,544,637,584,584,12.3464168957048,-0.0223600295221856
"Jameson House",325,1,,389,,,,,,9255.21337588447,-23.7617802124822
"Poland House",321,1,,389,349,368,490,372,362,15.0036832923994,-0.0385863977183076
"Archibald House",304,1,,389,341,384,419,391,409,28.7007740751221,-0.0737177416309311
"Archibald House",302,1,,389,341,384,419,399,435,24.1905226434286,-0.0612418294549594
"Chapin House",309,1,,389,,,,,,9255.21337588447,-23.7617802124822
"Minden",308,2,,390,263,381,406,373,218,8.62752801838229,-0.0254501881887589
"Emery",204,1,,391,261,94,212,254,186,4.63683112119634,-0.0198992844411352
"Emery",220,1,,391,214,37,155,175,118,2.7547183504561,-0.0154615226950072
"Minden",401,3,,392,298,,346,400,502,10.3671021786368,-0.0267119426478676
"Bronson House",306,1,,392,405,577,537,427,432,11.9825755355473,-0.025922715852152
"Archibald House",301,1,,393,341,,419,380,,24.7312735591625,-0.0644463154602992
"Archibald House",303,1,,393,341,397,419,399,393,29.8284963925189,-0.0763202466331185
"Woolley",129,1,,394,335,169,285,202,69,3.91647243878013,-0.0162077945428175
"Minden",408,2,,395,306,544,607,225,584,5.20728998616593,-0.011630540424527
"Gregorian Quad A",408,2,,396,621,227,329,341,598,4.9941252062035,-0.0118492935587341
"Barbour Hall Apartments",270,4,1,397,518,372,,,596,9.22446185050225,-0.0195502075571373
"Poland House",324,1,,398,349,445,,,,18.4108381858041,-0.0462777646405366
"Poland House",208,1,,399,377,434,466,391,429,25.1176991559719,-0.0603066005124199
"Minden",701,3,,400,443,342,385,501,199,7.25211750170333,-0.01913992283887
"Minden",702,3,,400,648,364,457,595,552,8.4536013592204,-0.016731330577211
"Chapin House",311,1,,400,,,,,,9499.10854808036,-23.7181237663078
"Grad Center B",630,6,,401,667,266,545,403,643,5.60784707313005,-0.0113167373590561
"Woolley",429,1,,401,,66,351,203,173,3.34411699164537,-0.0141143551954496
"Slater Hall",404,3,,402,438,513,345,248,356,8.43924754735397,-0.0219658886091984
"Slater Hall",104,3,,403,469,367,420,120,320,5.56238685528193,-0.0158781243517549
"Slater Hall",302,2,,403,237,564,417,307,132,4.32261278591605,-0.0125796925550707
"Minden",712,3,,404,557,615,626,629,585,12.3902767485156,-0.0216436726313902
"Grad Center B",510,6,,405,396,591,522,421,654,8.8301683119481,-0.0176537812231458
"Mead House",304,1,,405,,,,414,413,185.639472419574,-0.451494460688072
"Grad Center B",530,5,,406,442,524,425,375,416,16.9626283037978,-0.0392804375198169
"Archibald House",217,1,,406,378,414,484,372,428,20.2970667851564,-0.0490070002320037
"Minden",101,2,,406,569,598,562,616,641,12.7401029112816,-0.0224328955582036
"Everett House",316,1,,407,423,516,549,426,415,14.971929356776,-0.0327965073373868
"Everett House",324,1,,407,,,,329,414,18.0714723202554,-0.0470815591595437
"Grad Center B",540,5,,408,408,560,451,529,589,12.2457826570786,-0.0249130618898317
"Grad Center C",310,6,,409,632,317,423,409,618,7.01309913037668,-0.0149070897803529
"Minden",601,3,,412,398,418,440,453,534,17.9660804863529,-0.040555420246267
"Minden",806,2,,412,298,370,598,,585,6.64062339827352,-0.0146012168432986
"Minden",206,2,,413,374,281,301,,408,11.814569534971,-0.0331963081589891
"Minden",815,3,,413,338,486,236,308,444,7.87660851626412,-0.021210372646686
"Grad Center B",640,5,,413,468,230,,403,574,6.6507827070571,-0.0158840605425774
"Archibald House",418,1,,413,295,440,392,399,443,14.5884036960622,-0.0367003511236482
"Woolley",407,1,,414,329,337,373,320,314,17.9876949400102,-0.0516393156232029
"Woolley",423,1,,414,354,337,355,305,314,17.73921979981,-0.0511216709070324
"Bronson House",309,1,,414,,537,513,437,412,16.061610357706,-0.0346821647626139
"Bronson House",304,1,,415,183,527,535,398,432,6.32436232806263,-0.0151954968874164
"Gregorian Quad A",410,2,,416,621,595,513,386,598,9.86885899646242,-0.0188427361594499
"New Pembroke #3",203,1,,417,431,554,,369,340,10.394979652079,-0.0245893985330427
"New Pembroke #3",205,1,,417,,,,,,9868.24390488702,-23.6365124073504
"Grad Center A",440,6,,418,,492,570,354,513,11.1981620898474,-0.0238216422442453
"Bronson House",206,1,,419,,,548,398,432,13.9779271146174,-0.0310782574141508
"Emery",320,1,,420,,,248,,78,2.95253537256269,-0.0120368742667418
"Emery",420,1,,420,280,,271,183,107,4.2432152799054,-0.0168464628108334
"Bronson House",313,1,,420,410,,,,,150.978568156502,-0.36336598834297
"Grad Center A",530,5,,421,417,513,469,534,622,12.5692575806567,-0.0253047895992846
"Jameson House",318,1,,422,394,575,,,538,11.3918171577285,-0.0235851011895619
"Archibald House",221,1,,423,378,424,426,,377,32.0752473448887,-0.0789836181845855
"Emery",401,1,,424,329,76,375,312,323,4.98039267322266,-0.0162401565171408
"Emery",409,1,,424,370,91,375,313,,4.77069921814563,-0.0151592546598057
"Emery",411,1,,424,370,318,375,313,299,14.5178525185248,-0.0414401118543749
"Emery",417,1,,424,370,91,422,178,299,4.1761458208407,-0.0140624369584058
"Bronson House",214,1,,425,380,611,,,,8.36692363718536,-0.0176742649225306
"Woolley",207,1,,426,,,349,333,258,10.3944130755474,-0.0303930486239196
"Emery",304,1,,427,329,94,,,,3.46062672747949,-0.0122834084020002
"Emery",301,1,,427,328,,447,254,297,8.52381533338806,-0.0242774664213714
"Emery",309,1,,427,342,318,,,,14.0729852799964,-0.0387863595226226
"Emery",311,1,,427,384,318,302,313,294,12.6482929815354,-0.0371826401425723
"Grad Center A",430,5,,428,540,409,567,561,420,12.6981788630424,-0.0260131342474523
"Emery",104,1,,429,241,342,436,232,,6.92749128694595,-0.0205884359661154
"Emery",120,1,,429,260,10,24,51,171,1.23088827993347,-0.00939010736158475
"Emery",317,1,,429,370,318,401,313,241,10.0450577598166,-0.0290459847140523
"Emery",101,1,,430,208,,,,,5.13693807862508,-0.0160905136971484
"Emery",201,1,,430,220,22,447,300,171,2.960071890685,-0.0113155721328344
"Archibald House",218,1,,431,378,452,487,374,403,18.9107225581166,-0.0448830351840787
"Archibald House",227,1,,431,398,368,527,374,403,14.1752694805744,-0.0339661472952895
"Emery",217,1,,431,224,,,326,294,7.75369898398486,-0.024288289739509
"Woolley",223,1,,432,187,334,,329,293,7.23746847707615,-0.0229415272808989
"Grad Center A",330,5,,433,471,,,459,569,17.0006649515998,-0.035160554829042
"Archibald House",127,1,,433,405,499,,,,20.5359373843793,-0.0460274840199394
"Archibald House",131,1,,433,405,597,444,301,431,9.03478649419267,-0.0207291926732731
"Bronson House",204,1,,434,405,443,543,398,432,16.8315225928189,-0.0379942815340673
"Minden",402,3,,434,641,520,455,563,576,13.2509755851073,-0.0248808441942669
"Woolley",113,1,,435,345,295,365,110,218,4.97846548346428,-0.016886695139479
"Woolley",115,1,,435,345,369,391,217,224,7.28167613409744,-0.0220224749928331
"Woolley",116,1,,435,430,351,391,217,224,6.87220729126058,-0.0201050016763463
"Woolley",119,1,,435,378,369,412,332,224,9.52263607506023,-0.0265376703848002
"Barbour Hall Apartments",290,4,1,436,576,309,445,,596,7.94838685842889,-0.0167634146844172
"Everett House",216,1,,437,386,542,,,,12.6925594588316,-0.0278629634357029
"Woolley",418,1,,438,354,329,351,253,154,6.33502948742954,-0.0202011899523064
"Woolley",419,1,,438,354,329,351,305,314,14.4533800175593,-0.041413696490258
"Woolley",107,1,,439,345,295,282,,,10.0190771959943,-0.0294030837483861
"Woolley",118,1,,439,420,342,412,27,224,3.64191941585052,-0.011757052318125
"Woolley",123,1,,439,390,369,422,328,224,9.20510694217012,-0.0253931903427315
"Minden",315,3,,439,,338,408,370,279,11.9803646805002,-0.0326173422329371
"Emery",117,1,,440,249,342,272,232,171,5.95783286348762,-0.0209255196912255
"Woolley",215,1,,441,412,335,,285,302,10.5263174937539,-0.0296098664228043
"Minden",113,3,,442,432,417,365,410,504,18.6813034987992,-0.0435630689683259
"Grad Center B",520,5,,445,505,,,550,602,16.3714480090559,-0.0311155148062514
"Grad Center B",320,5,,446,588,,,,,13.0270689443561,-0.0251554431203744
"Bronson House",403,1,,448,379,,,,,21.7663194533363,-0.0525756500173218
"New Pembroke #4",320,1,,450,209,,415,326,96,3.96610092034927,-0.0132814754260327
"Woolley",229,1,,451,329,,202,190,178,4.54516514189776,-0.0168397284873377
"Grad Center A",420,6,,453,383,552,611,377,496,10.0745139575684,-0.0210063096118355
"New Pembroke #2",203,1,,454,,556,377,378,,10.9003304730075,-0.024671691235184
"New Pembroke #2",205,1,,454,,652,486,384,,8.80449446510108,-0.0177541914920839
"Woolley",329,1,,455,140,207,323,203,,4.19619195624914,-0.0158224774031033
"Woolley",415,1,,456,354,329,373,305,154,6.51086505982843,-0.0197925970283606
"Champlin",323,2,,457,,285,295,,140,4.65935466134801,-0.0158341949513738
"Champlin",206,1,,458,219,356,,,,6.34264643708187,-0.0183947692221589
"Champlin",406,1,,459,142,356,,,,4.22954611576575,-0.0132656395887183
"Bronson House",409,1,,460,379,537,,,,12.8797369269694,-0.0280479811829523
"Chapin House",217,2,,461,,648,650,641,669,11.9628466958787,-0.0191115334538122
"New Pembroke #2",104,1,,462,,661,89,384,,2.9120402028493,-0.00713462055462579
"Morriss Hall",301,6,1,463,511,390,367,495,316,10.8227644354171,-0.0255134697311967
"New Pembroke #3",212,1,,463,397,184,257,162,152,3.91580134286491,-0.0145881943282622
"Jameson House",219,1,,466,236,496,501,414,538,7.93529253132512,-0.0179195558493126
"Diman House",332,1,,467,,,493,,,67.0573498782088,-0.139557439913025
"Diman House",224,1,,468,,,,471,473,420.070244746722,-0.891553402368691
"Hope College",120,2,,469,,,,,,10946.2646227168,-23.3147277114271
"Harkness House",210,1,,472,,,,,,11006.5608515117,-23.294308761993
"New Pembroke #2",201,1,,473,,462,377,384,,17.6013129951824,-0.0414636098319375
"New Pembroke #2",202,1,,474,,661,377,378,,7.09452411205352,-0.0149312365803883
"Grad Center B",340,5,,475,431,603,433,374,433,11.6476319239978,-0.0253901163148899
"Diman House","329A",1,,476,,469,528,497,515,40.2778464721522,-0.0809604951658213
"Diman House","329B",1,,476,476,471,528,497,515,41.6370630356343,-0.0842287181227222
"Jameson House",225,1,,476,416,493,382,419,587,12.4330945673168,-0.0268692462052744
"Grad Center A",310,5,,477,393,592,536,560,568,13.8249089331918,-0.0264939836040454
"Diman House",312,1,,478,,465,512,485,525,40.3744946207813,-0.0818125522653326
"Harkness House",209,1,,479,,,,,,11146.6377020606,-23.24637693922
"Diman House","206B",1,,481,,,,,,11186.5112675122,-23.2326299238426
"Grad Center C",210,6,,482,594,607,430,541,614,14.0533523824218,-0.0257460198282674
"Harkness House","206A",1,,483,,,,486,,597.634290912953,-1.23223565136691
"Caswell Hall",411,2,,484,501,473,520,493,490,61.3221320328688,-0.124133870512048
"Caswell Hall",407,2,,485,509,507,576,523,528,33.770499711681,-0.0647150841404116
"Grad Center C",330,5,,486,539,366,296,422,415,9.71613706996203,-0.0230661585427506
"Harkness House","206B",1,,487,479,,,499,,107.941276807859,-0.220814067796506
"Grad Center C",420,5,,490,339,572,472,564,605,10.1237910882938,-0.0199083694981491
"New Pembroke #1",304,1,,491,516,,,,,73.1519001392716,-0.145142659006487
"Archibald House",422,1,,492,434,602,540,412,456,13.5740289999861,-0.0277058521804311
"Slater Hall",203,2,,493,569,497,416,309,73,4.00001395045301,-0.0101071942979223
"Caswell Hall",210,2,,494,521,514,,,,80.9073971109421,-0.158590128280187
"Caswell Hall",410,2,,495,506,473,514,511,516,61.3938556448743,-0.122055379015676
"Slater Hall",303,2,,496,577,394,525,307,394,8.76636845357236,-0.0194943941745574
"New Pembroke #1",205,1,,497,483,463,498,490,483,75.1174888037671,-0.154509747282346
"New Pembroke #1",305,1,,498,489,546,533,516,463,33.2155554760248,-0.0653849434426745
"New Pembroke #1",405,1,,498,502,,511,518,480,70.4424967540783,-0.140239890014085
"New Pembroke #1",407,1,,498,507,611,553,537,,24.4270472449257,-0.0450921206136987
"Minden",501,3,,499,333,482,431,401,407,14.0544281167899,-0.0329913517767207
"Caswell Hall",111,2,,500,494,475,,,503,82.2564544991759,-0.166679745692355
"Caswell Hall",302,2,,500,535,535,534,520,494,55.7106163010328,-0.107101473167597
"Miller",122,2,,501,,,615,621,227,4.83211552670104,-0.00954392862248086
"Slater Hall",405,2,,502,605,245,526,394,337,6.26839773452441,-0.0143549520358308
"Caswell Hall",401,2,,503,526,531,519,514,526,101.541120041466,-0.195146290918895
"Caswell Hall",408,2,,504,509,567,576,528,528,35.7296478399841,-0.066680485078048
"Grad Center D",420,5,,505,564,530,530,543,505,46.4215714543651,-0.0875878696928156
"Poland House",424,1,,506,411,,,419,449,21.7291529265079,-0.0486382705808792
"Goddard House","400A",6,1,507,592,,488,,523,24.3768381880557,-0.0461674578357119
"Caswell Hall",306,2,,508,523,515,556,528,547,56.6951792739098,-0.106972036319745
"Minden",415,3,,508,298,398,426,372,311,9.86016909842329,-0.025543820825553
"Minden",615,3,,509,398,,327,343,417,11.2372304394126,-0.0281418526680919
"Caswell Hall",311,2,,510,490,476,536,503,539,40.5550047437037,-0.0795976533562506
"Minden",612,3,,511,575,630,648,607,631,22.9020711432744,-0.0380798007554201
"Grad Center D",140,4,,511,607,,632,556,536,22.8169675625552,-0.0400978101417192
"Jameson House",214,1,,511,394,501,,,452,18.1614093694856,-0.0390565368087616
"Everett House",107,1,,511,423,199,458,406,462,7.36740237957842,-0.0179436573431673
"Grad Center D",440,6,,512,636,536,575,546,552,25.9385935657669,-0.0463161332610357
"Caswell Hall",402,2,,513,528,525,509,514,526,127.808286387273,-0.245942821784361
"Caswell Hall",403,2,,513,542,531,597,531,526,36.4504671111661,-0.0674383741226
"Grad Center D",410,5,,514,546,535,552,548,512,60.4329024659078,-0.112958696166578
"Caswell Hall",406,2,,514,513,481,538,521,531,51.7237960936137,-0.100078289727741
"Minden",202,3,,514,500,330,,,,9.65314676724651,-0.0215144808626109
"New Pembroke #1",406,1,,514,522,611,572,510,507,25.174497604648,-0.0466327524820448
"New Pembroke #1",302,1,,514,492,519,,504,481,65.1828610880786,-0.129717136493641
"Caswell Hall",412,2,,515,514,483,520,524,,63.7922863877866,-0.124667356630225
"Grad Center D",640,6,,516,653,571,604,575,,23.3418192733171,-0.0399347004536225
"Caswell Hall",206,2,,517,521,537,529,509,494,67.9579114195742,-0.131108510777078
"Caswell Hall",307,2,,517,510,515,573,528,556,41.5111903007121,-0.0777848601736922
"New Pembroke #1",306,1,,518,495,601,569,517,507,25.746500554533,-0.048123612702231
"Minden",302,3,,519,608,330,452,539,,9.22372278192426,-0.0187864422375834
"Jameson House",114,1,,519,445,446,,,,24.6287551394523,-0.0523459062473074
"Minden",502,3,,520,620,518,463,585,597,18.1115421137938,-0.03285735072613
"Grad Center D",510,5,,521,574,550,,,,45.9427679432458,-0.0837098633802704
"Caswell Hall",405,2,,522,556,490,538,568,554,37.641170793648,-0.0699000096737722
"Caswell Hall",409,2,,522,528,534,569,531,554,59.6105831059523,-0.110355908167488
"Caswell Hall",303,2,,523,545,,,520,549,75.3710226244763,-0.140946278867006
"Jameson House",106,1,,524,445,345,,419,587,9.91818178231127,-0.0213387307352116
"Jameson House",125,1,,524,434,557,,,,17.5971594968272,-0.0348093157616913
"Diman House",208,2,,525,,,,,,12051.2078871272,-22.9328409964468
"New Pembroke #1",202,1,,525,482,470,491,502,474,47.7694088184168,-0.0972570250746676
"Grad Center D",430,5,,526,578,559,555,,533,53.3242989141901,-0.0968300306531029
"Minden",602,3,,527,575,520,,586,566,38.1131377787773,-0.0686350974575419
"Slater Hall",406,2,,528,605,564,527,414,337,9.55043054380633,-0.0192042718085198
"Jameson House",7,1,,528,299,,,,,6.42725207364013,-0.0155033253500409
"Mead House",103,1,,528,381,633,,,,8.58110244195789,-0.0165976994453018
"Caswell Hall",305,2,,529,552,553,573,528,547,64.5171956679687,-0.117839626726752
"Caswell Hall",308,2,,529,552,570,584,528,556,49.5919155386575,-0.0895699802336457
"Caswell Hall",205,2,,529,561,,579,531,530,48.5573907360684,-0.0888515803855908
"Caswell Hall",110,2,,530,570,477,602,524,503,23.4359349475664,-0.0438177855057735
"Mead House",113,1,,530,381,439,465,407,426,16.9042352598021,-0.0382591896207809
"Grad Center D",610,5,,531,554,563,547,549,544,102.295980526016,-0.186501331861463
"Caswell Hall",304,2,,532,553,543,,557,549,113.812235988873,-0.207952194388584
"Caswell Hall",301,2,,532,535,531,538,520,549,111.93887363997,-0.20936198311715
"Caswell Hall",404,2,,532,526,574,519,524,534,53.3389277183001,-0.0996368510336375
"New Pembroke #1",204,1,,533,,562,551,502,542,47.8697370225665,-0.088894588579314
"New Pembroke #1",206,1,,533,491,557,510,508,507,43.8299516554621,-0.0845865899321194
"Diman House",221,3,1,534,568,521,560,498,645,21.3571463188506,-0.0384863088503099
"Diman House",217,2,,534,643,583,618,583,624,30.0587794082392,-0.0502550908551059
"Grad Center D",240,6,,535,644,582,593,606,621,31.5619187289994,-0.0528301371269976
"New Pembroke #1",315,2,,535,745,643,659,619,590,14.8135654611267,-0.0230895904363931
"New Pembroke #1",307,1,,535,498,655,553,534,495,18.3607068869926,-0.0336487995031565
"New Pembroke #1",402,1,,536,508,601,557,509,483,25.0585071267171,-0.0470280490117438
"Caswell Hall",309,2,,537,550,534,578,533,,58.5992025639394,-0.107147929179806
"Caswell Hall",201,2,,538,493,521,579,526,519,36.9935029754986,-0.0698210022596294
"Caswell Hall",204,2,,538,560,543,597,531,556,46.6172080049442,-0.0840454341391168
"Caswell Hall",209,2,,539,,,,533,554,111.474056553376,-0.205482131895623
"Caswell Hall",212,2,,539,556,522,584,533,513,41.978881297575,-0.0774994614884768
"Olney House","400A",8,,540,551,,,,,180.309340856583,-0.330236888015715
"New Pembroke #1",404,1,,540,502,611,572,513,480,21.9353564595557,-0.0408583033143214
"New Pembroke #3",317,1,,541,457,512,473,363,285,8.94636168807039,-0.0203688252355218
"Diman House",334,2,,541,572,557,606,573,,48.035056070182,-0.0842276659423346
"Diman House",333,2,,541,686,557,606,573,555,21.2101821143045,-0.0361157016992572
"Diman House",317,2,,541,589,574,620,585,624,37.9885220718576,-0.0644585626040055
"Grad Center D",330,5,,542,564,,,,,91.2985298093885,-0.164947659998573
"Caswell Hall",312,2,,543,545,534,536,,,212.890734488923,-0.394242100905454
"Caswell Hall",208,2,,544,532,537,584,555,530,53.6524029362242,-0.097995255488018
"Caswell Hall",101,2,,544,568,570,602,522,532,37.5840133667586,-0.0674958444362317
"Grad Center D",540,6,,545,610,525,563,547,546,38.0188029416119,-0.0683175834695742
"Grad Center D",630,5,,546,544,584,,599,571,48.3263188940685,-0.0848872176985547
"Grad Center D",310,5,,547,543,559,568,523,522,58.0453826003089,-0.106668390476157
"Harkness House",214,2,,548,,,,,,12496.1833907411,-22.7824675692313
"Barbour Hall Apartments",190,4,1,549,646,528,429,496,532,14.6371628584195,-0.0275746919030847
"New Pembroke #3",105,1,,550,378,379,470,,,11.2369232898111,-0.0252627459833397
"New Pembroke #3",217,1,,550,397,661,343,369,347,6.52324120446924,-0.0146111914299461
"New Pembroke #3",218,1,,550,397,661,343,369,347,6.52324120446924,-0.0146111914299461
"Barbour Hall Apartments",350,5,1,551,549,655,516,519,603,20.6135824207612,-0.0364067379565297
"Barbour Hall Apartments",150,5,1,553,571,547,441,479,578,18.9033573879947,-0.0357526788991631
"Marcy House","400B",6,1,554,587,446,277,512,516,8.37620531514637,-0.0173153687837198
"New Pembroke #3",318,1,,555,472,658,471,291,285,5.83357799445381,-0.0127099468762743
"Plantations House",102,2,,556,364,373,,385,316,8.80137271385184,-0.0220391621766756
"Plantations House",203,2,,556,364,373,,464,429,11.340914729832,-0.0259077551407968
"Plantations House",202,2,,556,364,373,,576,583,8.60588888650072,-0.0174799321579382
"Barbour Hall Apartments",250,5,1,558,642,621,402,507,557,12.0681328303823,-0.021947030560003
"Grad Center D",530,4,,559,,,,,535,82.7785510246853,-0.151193700499867
"Grad Center C",240,5,,559,586,345,594,567,608,10.3190602644529,-0.0188892407136184
"Caswell Hall",105,2,,559,572,558,544,545,561,104.855802417732,-0.188250991773282
"Grad Center D",520,6,,560,596,489,563,552,558,31.4132353212929,-0.0567533245627972
"Marcy House","400A",6,1,561,582,,362,532,508,11.6736203305842,-0.0228882037900186
"Caswell Hall",107,2,,562,545,545,582,571,565,76.4683332589897,-0.136024310533424
"Caswell Hall",108,2,,562,570,570,582,566,565,161.91769716864,-0.284232353133949
"Caswell Hall",109,2,,562,597,573,579,571,565,91.0637064691808,-0.158371663407148
"Caswell Hall",103,2,,564,565,568,589,522,556,50.861138761256,-0.0906346303074561
"Caswell Hall",106,2,,564,545,545,589,525,561,50.655394774285,-0.0912161917794101
"Diman House","400B",8,1,564,591,561,585,633,570,43.4008483999651,-0.074252528162894
"Plantations House",301,3,,565,364,373,,500,620,8.33670302568652,-0.0171428986249978
"Plantations House",201,2,,565,688,373,,619,583,8.59458853154089,-0.0149379763254669
"Chapin House","400A",8,1,566,422,576,,,594,13.9302855708199,-0.0257654187260335
"Goddard House",308,2,,566,663,472,638,475,653,12.052861800728,-0.0207067673744588
"Diman House","400A",8,1,567,585,517,580,614,517,28.6276548290468,-0.0507714008489774
"Barbour Hall Apartments",390,4,1,568,436,401,421,,,12.6137624843941,-0.0275989977185828
"Grad Center C",340,5,,569,,,399,418,605,9.69731710536986,-0.0194198330774316
"Caswell Hall",104,2,,570,565,568,589,522,556,50.225166443989,-0.0893421159290123
"Caswell Hall",112,2,,570,567,573,597,574,565,98.3124558532449,-0.171027757351366
"Grad Center C",320,5,,571,463,,,,,17.3079662210856,-0.0334412441131477
"Diman House",207,2,,571,,,,,,12935.5079934667,-22.6343098655399
"Slater Hall",301,4,,572,419,257,417,281,450,6.75625894872809,-0.0168859302186886
"Grad Center B",240,5,,573,598,622,592,463,629,18.450696392398,-0.0317751412472514
"Harkness House",207,2,,573,619,,,553,,38.1705137032697,-0.065565461299804
"Morriss Hall",201,6,1,574,331,374,233,487,506,6.39280444457721,-0.015267533124447
"Harkness House",113,2,,575,,,,,,13011.0381070406,-22.6082332012837
"Harkness House",117,2,,575,,,,,,13011.0381070406,-22.6082332012837
"Harkness House",201,2,,575,588,549,611,594,590,55.597220340628,-0.0950379326855456
"Harkness House",202,2,,575,619,549,611,588,590,46.3847211508158,-0.0787289941981247
"Harkness House",204,2,,576,619,590,622,580,,55.8137521569811,-0.0933495106508068
"Grad Center D",220,6,,577,628,593,577,605,646,42.7905312468491,-0.070745165651851
"Grad Center D",230,5,,577,,488,569,570,,27.3616694205498,-0.0496120360705919
"Grad Center C",220,5,,578,586,604,600,567,630,53.03056315701,-0.089176739829555
"Slater Hall",204,4,,580,399,275,527,381,550,7.36150243129256,-0.0162325592237939
"Harkness House",328,2,,581,615,578,628,562,593,47.7915298387272,-0.0805470854387932
"Harkness House",329,2,,581,546,,628,562,626,31.9513905235188,-0.0542328705699449
"Harkness House",330,2,,581,615,533,,,,31.0114131525327,-0.0537590692076969
"New Pembroke #4",209,1,,582,405,413,337,330,122,4.66860633662203,-0.0127690617927414
"Hope College",112,2,,583,,,,,,13161.0227077399,-22.5553090336722
"Mead House",109,1,,583,381,439,489,,372,10.5250482448045,-0.0232118634706922
"111 Brown Street",201,2,,584,634,504,,617,609,22.880036599587,-0.0387476661535385
"Diman House",321,2,,585,589,588,621,585,555,55.7556776855336,-0.094876299665794
"Diman House",327,2,,585,577,555,606,578,524,40.2683848637623,-0.0704811677098928
"Diman House",328,2,,585,577,555,606,578,551,56.5190130197898,-0.0981516716086667
"Grad Center B",230,5,,586,590,355,586,582,615,10.5470750516771,-0.0189723865799024
"Diman House",331,2,,586,577,569,652,573,555,33.9124616069607,-0.0578849950382252
"Sears House",301,2,,587,674,634,642,630,,40.4607736767835,-0.063808098415969
"New Pembroke #3",315,1,,588,467,512,289,363,285,6.528421113985,-0.0156004947826026
"Sears House",214,2,,588,541,620,633,445,555,15.9684960553027,-0.0282684852188798
"Sears House",224,2,,588,679,594,,,,25.9350035325108,-0.0417177230562755
"Grad Center D",320,6,,589,652,566,603,602,591,41.7230492904162,-0.0694205746608398
"New Pembroke #4",325,1,,589,444,429,364,361,319,8.60943165291677,-0.0205822179271601
"New Pembroke #2",103,1,,590,,423,,,,10.7035920684669,-0.0210728473006365
"Grad Center C",140,5,,591,603,657,587,616,644,42.4935223832949,-0.0688832970633252
"Harkness House",208,2,,591,,,,,,13309.2820319937,-22.5008996816833
"New Pembroke #4",427,1,,592,259,442,482,366,139,4.40498723393203,-0.0115471175260153
"New Pembroke #4",425,1,,592,444,433,461,365,354,10.2111218466752,-0.023096719634109
"New Pembroke #4",327,1,,592,445,419,467,362,348,9.84954985941959,-0.0224132722192307
"New Pembroke #4",321,1,,592,444,416,,,319,8.08596592207484,-0.0182221407528756
"New Pembroke #4",323,1,,592,444,449,364,362,319,8.52848440037139,-0.0201940970501771
"Grad Center A",210,5,,593,600,359,590,603,610,10.4641784453798,-0.0185705167707005
"Grad Center D",120,4,,593,512,529,632,555,540,24.8487841835247,-0.0443163247005051
"New Pembroke #4",426,1,,593,447,638,461,366,367,8.08994220170888,-0.0168362818107842
"Barbour Hall Apartments",320,4,1,594,625,540,539,439,611,15.7975224871872,-0.0282545442162303
"Barbour Hall Apartments",180,4,1,595,616,405,571,527,581,13.8305299711537,-0.0251224209797458
"Barbour Hall Apartments",120,4,1,595,392,376,565,367,640,7.47027044867672,-0.0151772395747824
"New Pembroke #4",219,1,,595,405,412,326,306,122,4.42203456758323,-0.0122243832782244
"Grad Center A",220,5,,596,599,610,588,382,,10.9301199715709,-0.0195843285219781
"New Pembroke #4",217,1,,597,405,402,326,330,122,4.50132034910805,-0.0123504657388897
"Marcy House",225,3,1,598,694,526,623,385,,8.72178418214586,-0.0152078234361984
"Harkness House",213,2,,599,,612,645,594,624,60.6964115989779,-0.0986444377014719
"Harkness House",217,2,,599,,612,645,594,624,60.6964115989779,-0.0986444377014719
"Slater Hall",201,4,,600,401,327,454,347,561,7.79226607068851,-0.0173352627865791
"Hope College",119,2,,600,,,,,,13473.5093390059,-22.4371515276732
"Diman House",201,1,,601,,,,,,13491.5622846566,-22.4298627449467
"Diman House",202,2,,601,,,,,,13491.5622846566,-22.4298627449467
"Diman House",204,2,,601,,,,,,13491.5622846566,-22.4298627449467
"Marcy House",301,2,,602,,,,,,13509.5726653063,-22.4225275102154
"Marcy House",302,2,,602,,,,,,13509.5726653063,-22.4225275102154
"Marcy House",321,2,,602,664,618,634,624,532,26.5477396590165,-0.0432818894309993
"Marcy House",325,2,,602,542,598,652,629,667,26.2925676174948,-0.042673066018243
"Marcy House",221,2,,602,542,642,641,,,26.4537592647614,-0.0435383158821707
"Grad Center A",340,6,,603,672,400,543,,,9.21063560857602,-0.0164468312149557
"Sears House",229,2,,604,660,625,,611,662,46.4253013643711,-0.0733362319531177
"Diman House",121,2,,605,669,632,618,577,627,39.9535016894248,-0.0642386339056145
"Grad Center D",110,5,,606,604,632,581,589,639,52.5378701255881,-0.0862681268840018
"Grad Center D",340,6,,607,579,566,605,525,616,33.8935962164319,-0.0580845106715064
"Grad Center C",230,6,,608,603,345,438,608,648,8.07582325055562,-0.0147195473268007
"Sears House",313,2,,609,678,,639,,619,42.4362023217342,-0.0666097764765892
"Slater Hall",101,4,,610,425,358,529,390,553,9.25414623544318,-0.0193335625825579
"Marcy House",304,2,,611,,,,,,13669.5615675929,-22.3541484239309
"Grad Center B",110,5,,611,612,645,613,609,341,8.7244241049312,-0.0149860801021412
"Goddard House",342,2,,612,,,,,,13687.0810838758,-22.346255154335
"New Pembroke #4",302,1,,613,473,524,476,356,380,9.78183851741369,-0.020758670745647
"Grad Center B",310,6,,614,428,599,357,536,635,8.75257653575091,-0.0164481475213324
"Grad Center A",240,6,,615,691,609,624,396,562,10.1758633233258,-0.0172170012844191
"New Pembroke #4",313,1,,615,454,438,574,351,348,8.0900821315004,-0.0174093241776064
"Slater Hall",304,4,,617,420,394,504,364,,9.01389150073933,-0.0195659714380075
"Barbour Hall Apartments",380,4,1,617,626,561,581,563,611,41.3407808504348,-0.0696350785017686
"Jameson House",307,3,,618,,,669,663,,49.9114663471048,-0.0766811493379177
"Grad Center B",210,6,,619,622,586,608,554,650,36.1812974568901,-0.0595994574569001
"111 Brown Street",202,2,,620,634,506,629,576,609,23.8454582891588,-0.0399718752987042
"111 Brown Street",203,2,,620,634,506,,617,609,22.7030622125626,-0.0379475074947375
"111 Brown Street",302,2,,620,667,504,629,530,609,17.9165151568907,-0.0301137934729868
"Grad Center B",140,5,,621,623,650,608,613,638,78.777281291501,-0.125841942072583
"New Pembroke #4",303,1,,621,441,422,415,342,343,8.29968795547208,-0.0192376792105683
"111 Brown Street",102,2,,622,696,580,672,572,640,23.4066052088046,-0.0369824341414749
"111 Brown Street",301,2,,622,667,504,629,530,510,15.5518411737084,-0.0268684067907276
"New Pembroke #4",326,1,,622,445,448,467,362,348,9.00465421298314,-0.0200340962968906
"Barbour Hall Apartments",170,4,1,623,338,333,399,298,529,6.33543788839393,-0.0150372927285035
"Grad Center B",120,5,,624,613,646,612,609,638,81.0819121193979,-0.12990404183057
"Sears House",304,2,,625,674,628,642,617,,57.172336480065,-0.0896477405530116
"Sears House",307,2,,625,683,634,651,593,666,38.2378860724167,-0.059456449419584
"Sears House",308,2,,625,595,628,651,593,656,46.0742196892709,-0.0736907531987174
"Sears House",314,2,,625,678,,651,,619,48.3336072843016,-0.0750426458001823
"Sears House",317,2,,625,683,,639,,619,44.9157489063086,-0.0699194774035062
"New Pembroke #4",421,1,,626,444,638,461,366,354,7.39293046185836,-0.0152687915229538
"Chapin House",313,2,,627,486,,660,634,676,14.4372763824442,-0.0231580754532124
"Chapin House",314,2,,627,486,,671,634,,14.1437449061972,-0.0232234041379876
"Chapin House",317,2,,627,666,647,671,595,675,39.216237571079,-0.0605081762674438
"Marcy House",121,2,,628,690,616,641,625,,43.268789279867,-0.0675297540916339
"Marcy House",125,2,,628,676,616,641,637,,57.214112884863,-0.0893752868208538
"Diman House",117,2,,628,669,623,618,574,594,37.4552292669909,-0.0605778507504163
"Sears House",117,2,,628,685,,653,635,,52.2000853661781,-0.0801841522060399
"Sears House",228,2,,629,679,625,,611,645,48.7449984895979,-0.0763452727937453
"Barbour Hall Apartments",220,4,1,629,606,539,542,387,382,9.18789879232188,-0.0177842675763294
"New Pembroke #4",413,1,,630,458,638,596,366,367,7.36477641337562,-0.0143278595788857
"New Pembroke #4",423,1,,630,444,638,461,346,354,7.04513228842187,-0.014620837701649
"Sears House",230,2,,630,660,639,,611,595,50.2509476704455,-0.0800734935838516
"Hope College",107,2,,631,,,,,,14006.9455250031,-22.1804368280497
"Grad Center A",130,5,,632,649,640,610,587,644,51.8309997311947,-0.0825934925925857
"Goddard House",346,2,,633,,,,,,14038.7748031558,-22.1606553392475
"Goddard House",347,2,,633,,,,,,14038.7748031558,-22.1606553392475
"Goddard House",348,2,,633,,,,,,14038.7748031558,-22.1606553392475
"New Pembroke #4",402,1,,634,473,661,494,362,367,7.31539952432588,-0.0145586528548174
"New Pembroke #3",303,1,,634,456,512,,376,361,8.33052500237633,-0.0177555395244923
"Barbour Hall Apartments",30,4,1,635,657,362,551,569,658,8.87441754348553,-0.0152523660964297
"Diman House",215,3,1,635,652,583,591,642,646,40.9223900602304,-0.0654265091097927
"Diman House",315,3,1,635,661,588,621,633,,47.7077413648592,-0.0759492686607126
"Chapin House",113,2,,636,733,656,672,646,,29.5813173308971,-0.0438818091708673
"Chapin House",117,2,,636,706,648,657,646,676,47.3129156353597,-0.0713426268380456
"East Andrews",416,2,,637,,669,,,,72.2177110859406,-0.110481702974106
"East Andrews",450,2,,637,,669,,,,72.2177110859406,-0.110481702974106
"East Andrews",452,2,,637,,623,,,,163.510289231537,-0.259334320090142
"Diman House",115,3,1,638,675,656,621,,627,58.0370315748011,-0.0901158405433897
"Sears House",223,2,,639,691,594,651,,,31.731268451725,-0.0491647478981203
"Grad Center A",140,5,,640,645,538,614,587,632,29.0521837892695,-0.0476164260600443
"Goddard House",301,2,,641,,629,638,,,226.776502061189,-0.356286727492201
"Goddard House",302,2,,641,,629,638,,,226.776502061189,-0.356286727492201
"Goddard House",304,2,,641,,605,638,,665,53.2001926656844,-0.0834006187004136
"Goddard House",223,2,,643,696,631,643,623,666,46.3332697616343,-0.0711319812591582
"Goddard House",227,2,,643,711,631,643,623,665,37.5990879666042,-0.0574479220401824
"Goddard House",323,2,,643,656,629,643,475,665,15.0946689221146,-0.0241602653294925
"Goddard House",327,2,,643,656,614,643,639,586,48.3451742155553,-0.0766468222584608
"Sears House",113,2,,644,685,,653,635,666,65.8543071605712,-0.100178184739544
"Sears House",217,2,,644,686,625,651,630,660,56.8221773932967,-0.0874122400388384
"Sears House",302,2,,644,674,634,642,630,,75.3385640009402,-0.116745966353071
"Marcy House",219,3,1,645,676,642,652,637,,85.8545477799102,-0.131897227956057
"Marcy House",319,3,1,645,664,656,634,592,673,42.5657087244985,-0.0659967494419482
"Miller",124,2,,646,658,,666,193,,3.5497715954573,-0.00578628373548205
"Metcalf",120,2,,646,447,,,,647,9.78018000415169,-0.0165904610748782
"Mead House",211,3,,647,706,,662,,,42.941501109768,-0.0636262128961573
"Goddard House",127,2,,647,713,642,643,640,646,42.7039798627113,-0.0650288281457
"Chapin House",213,2,,649,733,648,671,641,564,19.4108650808693,-0.0294133436293689
"Marcy House",119,3,1,649,702,641,658,625,669,46.072158800768,-0.0699368382493956
"Jameson House",117,3,,649,,694,650,663,346,6.13154270898179,-0.00936718986020434
"Miller",121,3,,650,658,,615,538,622,25.1793199681154,-0.0407454887715423
"New Pembroke #2",207,2,,650,,553,362,227,,4.44591119234635,-0.00974671022473185
"King House",103,2,,653,,,,,,14321.7471725827,-21.9154521787021
"King House",107,2,,653,,,,,,14321.7471725827,-21.9154521787021
"Poland House",216,3,,654,,,714,,,23.116267465573,-0.0322664880804659
"Poland House",224,3,,654,,,,,,14333.3396863782,-21.8996800001151
"New Pembroke #2",102,2,,656,,649,539,448,,11.0339058588845,-0.0190842814886259
"New Pembroke #2",105,2,,656,,649,664,632,,99.7838115095538,-0.153334312313564
"Everett House",407,3,,657,,627,,,,77.1954762480774,-0.120143192378065
"New Pembroke #1",415,2,,657,538,659,659,619,,22.7409491902478,-0.0361821007919774
"Archibald House",319,4,,658,,668,677,,,154.520253950649,-0.23124859356536
"New Pembroke #1",201,2,,661,677,586,659,619,587,30.0419417655705,-0.0474696471261751
"New Pembroke #1",301,2,,661,677,643,,619,599,39.7197178591219,-0.0619824132506231
"New Pembroke #2",206,2,,666,,663,662,431,,8.61583207824595,-0.0137115846166512
"East Andrews",214,3,,670,681,680,415,651,,8.36322411003794,-0.0128900111802186
"New Pembroke #1",401,2,,675,745,643,659,632,599,21.08298821366,-0.031533657995631
"New Pembroke #2",215,2,,675,,663,661,602,,39.0370649116159,-0.0599025152998167
"West Andrews",211,3,,679,621,,666,651,,53.2539285826961,-0.0812938648384899
"West Andrews",411,3,,679,,691,666,,684,115.135883153426,-0.16881270982289
"East Andrews",414,3,,684,737,691,670,,,34.2108576233956,-0.0479297113295317
"East Andrews",208,1,,,4,139,78,97,62,2.86123953071009,-0.0381424756798163
"Minden",209,1,,,7,5,15,3,5,2.94721420961981,-0.401200915782839
"Minden",305,1,,,8,6,,,,14.2032206624746,-1.8937629569505
"Metcalf",107,1,,,10,130,243,159,270,2.95206713106194,-0.0184370709909658
"Minden",805,1,,,12,25,22,,65,2.47939931726883,-0.0813667150561358
"Minden",705,1,,,17,27,21,,71,2.55790259003599,-0.0763853318092441
"Gregorian Quad B","401B",1,,,21,23,61,68,36,3.80488190814294,-0.0904940764326289
"Gregorian Quad B","401C",1,,,23,62,35,62,52,5.49936892315505,-0.116357113207267
"Hegeman E",114,1,,,30,70,44,30,88,4.03137759919465,-0.0765528864160365
"Gregorian Quad A",305,3,1,,31,96,115,147,82,4.36719712166745,-0.0462523336315805
"Gregorian Quad B","402B",1,,,33,68,81,129,65,4.28797234382073,-0.0568295927319479
"Gregorian Quad B","402A",1,,,35,32,52,89,38,4.15797884341364,-0.0839869715799761
"Gregorian Quad B","402C",1,,,35,36,,54,65,6.88170929663333,-0.143391883836772
"Gregorian Quad B","403F",1,,,38,62,81,33,30,4.4466245729732,-0.0904423137874106
"Gregorian Quad B","401F",1,,,47,62,108,123,115,5.37831881147309,-0.058831259373359
"Gregorian Quad B","402F",1,,,51,28,81,111,65,4.27434728931316,-0.0633472941962188
"East Andrews",210,1,,,64,157,143,146,118,6.84184810646304,-0.0542660180501199
"Gregorian Quad B","401A",1,,,70,,108,62,115,7.00406135391418,-0.0784874532365007
"Gregorian Quad B","401D",1,,,70,133,167,143,120,7.14107946081363,-0.0561911367698808
"Chapin House",320,1,,,72,396,392,,342,3.90751355875355,-0.0130323706434543
"Gregorian Quad A","408D",1,,,73,20,,,,2.9549799447865,-0.0639861400930201
"Gregorian Quad B","403A",1,,,74,62,56,129,57,4.95411048232137,-0.0651954122978229
"Barbour Hall Apartments",40,4,1,,77,,,,287,2.88271120146741,-0.0160953934224071
"Gregorian Quad A",213,4,1,,99,58,98,212,150,4.10883127338653,-0.0332961686462179
"Hope College",114,1,,,106,319,193,222,205,5.53616871150188,-0.0264446434291257
"East Andrews",462,1,,,158,146,170,107,136,12.1512766938901,-0.0844425448341572
"West Andrews",453,1,,,160,239,185,126,113,6.6326508012048,-0.0401816668556964
"West Andrews",455,1,,,160,154,25,107,92,3.85922682535275,-0.0358969908475605
"Plantations House",204,1,,,164,159,,103,187,9.02953384875033,-0.0587294778038884
"West Andrews",207,1,,,169,135,123,156,108,11.4385070300972,-0.0824694899273123
"West Andrews",203,1,,,176,134,141,23,84,3.65653493192836,-0.0328496401184672
"West Andrews",253,1,,,179,137,160,158,108,11.1660098052571,-0.0749900905896145
"Machado",124,1,,,182,,333,,,6.1671254214559,-0.0239117527778277
"East Andrews",410,1,,,186,270,161,126,113,5.54262060501908,-0.0323039750815241
"Champlin",423,1,,,188,235,,148,,9.73323936250604,-0.0510041930039682
"Gregorian Quad B","402E",1,,,191,59,167,89,120,4.60193691530894,-0.0366913495263213
"Gregorian Quad B","403E",1,,,194,69,139,140,123,6.01838023217603,-0.0451001201432093
"Gregorian Quad B","403D",1,,,203,108,151,116,94,6.22613183302328,-0.0461686646780531
"Gregorian Quad A",310,5,1,,204,255,7,278,290,3.41250475110558,-0.0166182639642588
"Champlin",114,1,,,212,,,,,4835.10034271688,-22.7534132015461
"Sears House","114A",1,,,213,,341,,8,2.04133012699047,-0.0115098987076112
"Champlin",103,1,,,219,226,219,284,111,6.85800378424196,-0.032308389908233
"Minden",607,2,,,223,102,,,214,5.89973329900189,-0.0327614136768376
"Wayland House",212,1,,,225,219,189,188,192,23.0168737598031,-0.113327788084173
"Gregorian Quad B","402D",1,,,230,59,6,134,120,2.26877815710696,-0.0214706851240304
"Gregorian Quad B","401E",1,,,234,144,167,135,115,7.03107983959719,-0.0440876679481846
"Machado",122,1,,,257,352,546,,,5.702050593219,-0.0147814852464235
"Minden",307,2,,,263,242,274,144,392,5.99900929038125,-0.0227759989313485
"Machado",120,1,,,269,380,,,,10.6204274148912,-0.0326783067667277
"Machado",125,1,,,281,,485,,,6.76836580837521,-0.0176459738005185
"Young Orchard #2",110,4,1,,300,,389,205,424,7.02702243800905,-0.0212957778522329
"Hegeman B",106,3,,,306,,,,,7136.20727758757,-23.282894809663
"Sears House",320,1,,,313,,,,,7307.86756391722,-23.3105822876529
"Sears House",321,1,,,313,,,,,7307.86756391722,-23.3105822876529
"Chapin House","114B",1,,,318,218,431,310,280,8.1477341483031,-0.026123740866424
"Woolley",416,1,,,329,329,422,329,154,6.49138116935753,-0.0207366237587274
"Goddard House",214,1,,,334,,364,266,256,12.2056503504399,-0.0399530452939638
"Machado",121,1,,,335,288,536,,,6.45157148624454,-0.0166719366530799
"Sears House",319,1,,,336,,241,,,11.0350586011007,-0.0381836504478946
"Poland House",207,1,,,340,49,349,358,,3.63845649725513,-0.0133403801534693
"Grad Center A",410,5,,,347,,561,354,577,7.42352839499002,-0.0160913596485444
"Goddard House",331,1,,,351,307,386,262,277,12.4674057218131,-0.0393169644088065
"Chapin House",322,1,,,354,,,282,379,14.9460901718269,-0.0441104487699698
"Barbour Hall Apartments",160,5,1,,358,508,,385,479,12.5361223813996,-0.0289509230795382
"Goddard House",216,1,,,360,,439,282,274,9.19030685822137,-0.0270902405383147
"Goddard House",212,1,,,362,,286,248,,11.4489503633115,-0.0382695079423826
"Goddard House",113,1,,,372,,,,,8726.77174063926,-23.4275751422527
"Chapin House",321,1,,,385,,,,360,54.1382118105674,-0.145142659009564
"Chapin House",327,1,,,385,,,255,272,9.57059541597732,-0.0314307481884024
"Chapin House","326B",1,,,385,431,,335,423,18.8148880742485,-0.0477535220236368
"Chapin House","326A",1,,,385,400,,335,389,27.4042247882362,-0.0725459292869961
"Everett House",214,1,,,386,,,434,465,23.9340786600831,-0.0558120755347038
"Everett House",224,1,,,386,,,,,9052.3407235904,-23.4213214169217
"Goddard House",329,1,,,389,307,386,,,17.2541507295127,-0.0477733753190027
"Goddard House",330,1,,,389,307,166,185,277,5.84022661823364,-0.0220245182467398
"Jameson House",218,1,,,394,472,531,414,410,15.8704111801353,-0.0356877041924301
"Jameson House",314,1,,,394,588,,,,8.98358681123684,-0.0182475943706375
"New Pembroke #3",215,1,,,397,523,343,365,347,10.7355483049058,-0.0271437655471567
"Chapin House","114A",1,,,403,218,431,304,,7.28545435222902,-0.0214605063662263
"Chapin House",303,1,,,403,,,,,9440.24494116918,-23.3958982656273
"Chapin House","306A",1,,,403,,,,,9440.24494116918,-23.3958982656273
"Chapin House","306B",1,,,403,,,,,9440.24494116918,-23.3958982656273
"Bronson House",203,1,,,405,545,418,398,437,14.8486750433955,-0.0336625313294585
"Gregorian Quad B",403,2,,,416,375,617,441,352,8.43946920618524,-0.0191371459662074
"Bronson House",406,1,,,433,650,,408,573,8.96707993192215,-0.017289225177119
"Machado",31,1,,,440,343,595,,,7.88206692035296,-0.0171162913084574
"Grad Center B",410,6,,,449,596,616,506,580,15.6813181240833,-0.0284959545909257
"Machado",33,1,,,451,466,,268,252,6.50541708495803,-0.0180821863516256
"Mead House",3,1,,,452,,,439,466,74.5227967468006,-0.164570033301731
"Grad Center B",430,6,,,453,602,433,515,580,13.8785664419089,-0.0268274603566611
"Machado",34,1,,,459,456,479,259,,8.34165104629798,-0.0201562930062661
"Machado",32,1,,,470,479,,324,232,6.53591017940013,-0.0173434695607192
"Slater Hall",202,2,,,473,,524,307,355,8.57910440343839,-0.0206549799885425
"Harkness House",327,1,,,474,200,492,476,469,6.75301482977399,-0.0159541033268517
"Harkness House",303,1,,,475,,,,,10987.0265233515,-23.1062598305245
"Harkness House","326B",1,,,480,474,526,497,521,43.2356889638673,-0.0864540870460394
"Harkness House","326A",1,,,481,457,523,497,520,36.428157140338,-0.0734290603689962
"Diman House","306B",1,,,487,,,,,11230.8577589689,-23.0376569995858
"Diman House","306A",1,,,488,,,,,11251.0258772769,-23.0317828163598
"Machado",35,1,,,496,,431,,260,7.15740216090402,-0.0180598020794513
"Caswell Hall",102,2,,,497,467,544,492,499,36.4532541867506,-0.0728627898152326
"Machado",36,1,,,499,,431,,336,11.4504888419154,-0.0271007102727441
"Barbour Hall",206,2,,,519,432,574,469,575,16.3672626313643,-0.0318200611451478
"Barbour Hall",305,2,,,527,400,459,,529,16.2318520877397,-0.0338682907984127
"Slater Hall",102,3,,,533,513,345,,,9.90392854318701,-0.0213276963940246
"Bronson House",319,3,,,534,,635,,,20.7638801785424,-0.035482274549771
"Barbour Hall",205,2,,,536,541,599,596,663,22.6261434959932,-0.0384944415861979
"Harkness House",302,2,,,537,549,607,,,33.5070179648814,-0.0593217201233421
"Harkness House",304,2,,,537,590,628,,,28.3493273557961,-0.0484159468699168
"Diman House",307,2,,,548,521,601,580,524,32.1357763574147,-0.0578706666599043
"Diman House",308,2,,,548,521,601,578,524,32.4384418614493,-0.0584578595762896
"Barbour Hall",203,2,,,559,579,542,710,663,15.557975839771,-0.0253114997080184
"Barbour Hall",208,2,,,570,259,506,413,280,5.88741615886276,-0.0144737067014875
"Harkness House",323,2,,,597,599,622,553,593,48.177150387267,-0.0812017201529101
"Diman House",301,2,,,602,574,601,,,82.92541157177,-0.139879805752717
"Diman House",302,2,,,602,574,601,,,82.92541157177,-0.139879805752717
"Harkness House",301,2,,,604,549,607,,,39.9268297189164,-0.0679988500071318
"Diman House",304,2,,,608,517,,,,22.3460271024972,-0.0396872453807008
"Barbour Hall",308,2,,,614,511,506,411,579,13.4186645631447,-0.0255561028651463
"Barbour Hall",108,2,,,616,579,602,446,579,16.4322426788122,-0.0290601005605716
"Barbour Hall",301,2,,,631,511,506,425,559,13.908905253467,-0.0263813474632433
"Barbour Hall",306,2,,,633,594,620,432,579,13.6414463855095,-0.0237740272459344
"Barbour Hall",201,2,,,635,487,500,379,511,11.0069576733635,-0.0218645397112403
"Gregorian Quad B",402,2,,,636,375,270,441,464,6.41321174373073,-0.014612424134985
"Harkness House",324,2,,,644,578,622,562,593,36.5717785111856,-0.0609192126229555
"Diman House",227,2,,,652,,558,498,,15.9376886568941,-0.0279427946616083
"Barbour Hall",101,2,,,657,247,500,,,4.48847375325018,-0.00939728457482937
"Barbour Hall",103,2,,,657,557,647,644,,27.3662487834936,-0.0436293661934617
"Olney House",217,2,,,661,624,653,636,,80.913958325613,-0.125642473882678
"Barbour Hall",202,2,,,665,,602,601,575,33.0683675306003,-0.0540880689760526
"Barbour Hall",302,2,,,665,,,,,14598.7162615563,-21.9364634520703
"Barbour Hall",303,2,,,665,511,647,644,,16.7813495640157,-0.0270724642112611
"Chapin House",323,2,,,666,644,,638,671,83.9237569815153,-0.128069090082114
"Barbour Hall",105,2,,,668,310,624,639,623,6.4179238870355,-0.0107450547698377
"Goddard House",217,2,,,673,,643,640,671,76.751559616762,-0.116759919976955
"Chapin House",307,2,,,680,,,,,14849.4984848406,-21.8214529312347
"Olney House",213,2,,,681,624,653,636,627,54.9546033106657,-0.0852264553714496
"Olney House",214,2,,,681,447,348,613,620,7.03329938606969,-0.0127395414610945
"Gregorian Quad B",401,2,,,684,494,617,488,601,13.0305867669959,-0.0224778677571295
"Chapin House",324,2,,,689,647,,598,671,31.6685822145185,-0.048454955003226
"Sears House",213,2,,,691,625,633,646,660,49.2802310860244,-0.0756044913757191
"Chapin House",214,2,,,691,648,656,616,564,25.063646963883,-0.0393369638910365
"Olney House",113,2,,,691,637,660,596,667,34.3540703826594,-0.0527001898708505
"Olney House",117,2,,,691,637,657,610,673,39.7506111794583,-0.0606907051872306
"Grad Center A",620,6,,,693,608,609,388,582,9.10790063621993,-0.0155651922645418
"Chapin House",301,2,,,694,,,,,15067.8165161743,-21.6959206194465
"Chapin House",330,2,,,702,,,614,657,29.2941130472429,-0.0442858354192505
"Chapin House",328,2,,,713,,,598,657,21.0945358059434,-0.0317799591491198
"Chapin House",329,2,,,713,,,642,657,33.7106349706849,-0.0498827978311604
"Chapin House",302,2,,,725,,,,,15411.6599776962,-21.2428142274234
"Chapin House",304,2,,,725,,,,,15411.6599776962,-21.2428142274234
"Chapin House",308,2,,,728,,,,,15418.6450066048,-21.1649242388255
"Machado",30,2,,,733,654,648,632,612,24.9350723772398,-0.0377454676151545
"Barbour Hall",104,1,,,,1,30,,,1.36102123147016,-0.0999754536555613
"Slater Hall",105,1,,,,16,46,17,42,3.88200887432659,-0.12695014917354
"Minden",205,1,,,,17,19,,21,22.0056144422008,-1.12849304834176
"Minden",709,1,,,,17,11,5,3,2.83987241358492,-0.305843216786131
"Gregorian Quad A","408F",1,,,,20,625,541,603,2.20484628390975,-0.00438234600411461
"Barbour Hall",304,1,,,,30,109,10,7,0.979402154225148,-0.0329814030573561
"Metcalf",320,1,,,,35,116,170,61,3.11220475405371,-0.032879685292206
"Gregorian Quad B","403B",1,,,,42,108,18,57,2.84527195753362,-0.0511573658280388
"Gregorian Quad B","403C",1,,,,46,81,41,65,6.68272236356069,-0.113771003291712
"Slater Hall",306,1,,,,49,29,19,64,4.1039846947681,-0.101133532815492
"Young Orchard #2",220,4,1,,,67,117,78,91,8.62915401680811,-0.097232018582409
"Metcalf",312,1,,,,95,110,199,162,6.17924485679326,-0.0435307044736666
"Goddard House",336,1,,,,129,,,,2921.98448822126,-22.5635861899578
"Metcalf",102,1,,,,130,127,218,230,6.66453362783351,-0.0377133371030525
"Young Orchard #4",220,4,1,,,132,196,108,265,5.1641370277315,-0.0294163446808317
"Hope College",106,1,,,,161,206,207,177,17.4334163970495,-0.0926077897750346
"Goddard House",231,1,,,,171,,250,324,7.21020807052369,-0.0289790569828358
"Goddard House",232,1,,,,172,443,250,355,5.32329764419854,-0.0174377232976322
"Goddard House",233,1,,,,172,,,,3939.2533306021,-22.8362509006737
"Gregorian Quad B",205,4,1,,,185,199,241,,15.9194216252645,-0.0762302717570341
"Goddard House",234,1,,,,213,,,,4933.64754980629,-23.1084192594785
"Olney House",221,1,,,,214,366,,,6.91427180467606,-0.0238045797566548
"Sears House",212,1,,,,215,,,,4982.73021954624,-23.1217177823957
"Hope College",208,1,,,,225,205,62,142,4.43362272670455,-0.0279596775711683
"Gregorian Quad B",103,5,1,,,280,264,296,291,41.8639950309803,-0.147798746799578
"Goddard House",332,1,,,,284,340,31,304,3.35315668593842,-0.0140950917365677
"Goddard House",334,1,,,,284,340,,219,10.325557162154,-0.0366806050562811
"Goddard House",333,1,,,,288,340,262,262,16.4336395160369,-0.0569623556013184
"Goddard House",335,1,,,,307,,,375,18.2186687314467,-0.053348956768739
"Grad Center A",230,4,,,,308,397,348,,17.5176088992066,-0.0498367251975647
"Goddard House",236,1,,,,316,,,,7485.13058967224,-23.6497016660898
"West Andrews",201,1,,,,332,143,132,137,3.86063583571017,-0.0208132217422578
"Sears House","326B",1,,,,336,,264,253,14.0358886561635,-0.0492775522882993
"Chapin House",220,1,,,,341,,,,8091.8247185677,-23.6949479196737
"Goddard House",235,1,,,,353,,,,8377.9543205576,-23.7000122227216
"Marcy House",228,1,,,,355,276,235,,10.5306832943362,-0.0364174418421304
"Champlin",108,1,,,,356,178,314,349,7.56157547513624,-0.0252278991627023
"Sears House","326A",1,,,,358,,264,253,11.2462435270974,-0.038492606968011
"Chapin House",212,1,,,,389,,,,9211.55878658542,-23.6497016660843
"New Pembroke #2",301,1,,,,395,415,,,73.5802290132847,-0.181455558602429
"New Pembroke #2",303,1,,,,395,468,,,21.4680071481718,-0.0496944586185024
"Diman House",310,1,,,,437,507,,492,28.8824879051725,-0.0602764922582565
"Diman House",325,1,,,,446,495,,,34.8717838149614,-0.0740377575226113
"Machado",38,1,,,,450,604,324,245,5.20120852687033,-0.0127603672302827
"Diman House",323,1,,,,460,509,,,35.9083050977422,-0.0740377423427733
"Diman House",311,1,,,,461,508,483,505,46.8763146904565,-0.0957147824153174
"Harkness House","226B",1,,,,468,,,,10899.7763591443,-23.265264443403
"New Pembroke #2",307,1,,,,478,415,,,25.7397231410136,-0.0575832726342332
"Grad Center D",210,4,,,,491,564,523,540,36.1739077344717,-0.0682526370201048
"New Pembroke #2",305,1,,,,513,486,,,67.1931179251627,-0.134386235850324
"Harkness House","400B",8,1,,,533,532,489,,45.8576578052854,-0.0884429272121072
"Harkness House",230,2,,,,578,,,,13045.8225248582,-22.5511194526628
"Barbour Hall",106,2,,,,579,602,583,581,115.703491522537,-0.197193850057859
"Marcy House",341,2,,,,581,539,,,48.4152086029208,-0.0863786011613117
"Marcy House",342,2,,,,581,539,,,48.4152086029208,-0.0863786011613117
"Sears House",329,2,,,,600,,627,656,49.3650946826831,-0.0785775954220031
"Sears House",330,2,,,,600,,629,537,27.5063436938893,-0.0466757870832804
"Harkness House",228,2,,,,610,,,,13642.268731189,-22.3460587326116
"Harkness House",313,2,,,,613,631,,,125.519018583931,-0.201636977594595
"Harkness House",317,2,,,,613,631,,,125.519018583931,-0.201636977594595
"Marcy House",340,2,,,,618,539,,,26.4453517631574,-0.0456697295954926
"Olney House",313,2,,,,619,669,624,,51.1263431366118,-0.0801512974629369
"Olney House",317,2,,,,619,670,624,,50.062989580587,-0.0784423746418356
"Everett House",124,3,,,,627,,,,13946.7418896293,-22.2258837655157
"Sears House",328,2,,,,639,,629,656,104.399230560121,-0.162657324740836
"New Pembroke #2",204,1,,,,652,486,368,,7.3693058382256,-0.0145674342903598
"Grad Center C",130,4,,,,659,,,357,5.243817109884,-0.00999142547232744
"New Pembroke #2",306,2,,,,660,664,,,607.179107827889,-0.916496766532662
"New Pembroke #2",304,1,,,,661,486,,,10.9004733534669,-0.018850288224294
"New Pembroke #2",315,2,,,,663,664,,,7938.48281217651,-11.9555464038806
"Machado",39,2,,,,674,673,,612,37.3529333770426,-0.0570265086840977
"Everett House",309,4,,,,705,708,677,,67.8601186909884,-0.0968317604302947
"Minden",309,1,,,,,5,,,114.43129720949,-20.8023604174395
"Wayland House",223,1,,,,,9,,,200.348653271823,-21.0886167120906
"Grad Center C","410B",2,,,,,37,,,816.316386763263,-21.7684206841735
"East Andrews",256,1,,,,,71,58,67,21.9952369489553,-0.334104865051783
"Barbour Hall",204,1,,,,,79,10,12,1.28197612919397,-0.0448322831728366
"Wayland House",312,1,,,,,203,173,255,11.2884970763073,-0.0535423395898496
"Olney House",316,1,,,,,229,,197,24.206825477769,-0.113380915586875
"Olney House",314,1,,,,,250,177,151,8.35474380206949,-0.0432527222200372
"Machado",321,1,,,,,273,,,6398.56957988536,-23.3951354847987
"Machado",320,1,,,,,288,,,6770.8984323069,-23.469318582887
"Machado",322,1,,,,,288,,,6770.8984323069,-23.469318582887
"Marcy House",330,1,,,,,356,,,8426.72445155732,-23.6373757397479
"Marcy House",329,1,,,,,380,,,8986.54318848586,-23.6177219346926
"Marcy House",328,1,,,,,391,,,9237.33442219539,-23.5947239677432
"Marcy House",128,1,,,,,393,,,9282.52281408711,-23.5896386934831
"Olney House",325,1,,,,,396,,,9350.06617917349,-23.5815036365553
"Marcy House",127,1,,,,,405,,,9550.96513203406,-23.5535515349933
"Olney House",119,1,,,,,411,,,9683.45269198641,-23.5320843477725
"Olney House",121,1,,,,,411,,,9683.45269198641,-23.5320843477725
"Olney House",122,1,,,,,411,,,9683.45269198641,-23.5320843477725
"Olney House",123,1,,,,,411,,,9683.45269198641,-23.5320843477725
"Olney House",124,1,,,,,411,,,9683.45269198641,-23.5320843477725
"Grad Center C","410A",2,,,,,423,,60,1.8741661264468,-0.00825327673671008
"Olney House",227,1,,,,,423,,,9944.9872878924,-23.482850786925
"Poland House",206,1,,,,,450,391,429,31.4855021285351,-0.0742874607791833
"Olney House",225,1,,,,,462,,,10765.2466450326,-23.2762090258283
"Harkness House",321,1,,,,,497,,,11469.4651536523,-23.0542013878923
"Harkness House",319,1,,,,,502,,,11568.2142634467,-23.0213219928767
"Diman House",226,1,,,,,503,470,488,65.5582905247395,-0.13447854466613
"Harkness House",320,1,,,,,505,,,11627.2834773923,-23.0015499823539
"Diman House","229A",1,,,,,518,497,,87.786523678774,-0.172808117477922
"Diman House","229B",1,,,,,528,,,12076.3479393237,-22.8502327045588
"Diman House",231,2,,,,,560,,604,48.0117531631508,-0.0824234028329793
"Diman House",233,2,,,,,560,581,592,79.0158683593324,-0.136666246507893
"New Pembroke #2",302,1,,,,,574,,,12959.9252132685,-22.5586166766181
"Caswell Hall",310,2,,,,,578,511,539,35.8550099027428,-0.0660109927969161
"Machado",37,1,,,,,604,,235,3.58484050933762,-0.00836415122650787
"Machado",123,1,,,,,607,,,13579.8831212708,-22.3537172415624
"Gregorian Quad A","408A",2,,,,,625,431,,9.40600789022817,-0.0177236938170394
"Machado",315,3,,,,,630,,,13996.8450250766,-22.1995958416705
"Harkness House",314,2,,,,,631,,,14014.532307326,-22.1924504568378
"Diman House",234,2,,,,,635,581,592,46.8768696385206,-0.0777167163283038
"East Andrews",314,3,,,,,661,670,,268.996352329662,-0.40389842690745
"Machado",126,2,,,,,664,,,14563.8986420123,-21.9170790191902
"Machado",326,2,,,,,666,,,14594.040137164,-21.8965349282492
"Jameson House",209,4,,,,,673,640,,71.869806833518,-0.10938727700138
"Slater Hall",207,1,,,,,,9,1,1.97628305207207,-0.387451538586431
"Miller",417,1,,,,,,22,45,5.30418179235732,-0.156162836625482
"Hegeman A",302,1,,,,,,29,,639.602063086483,-21.6813944899121
"Miller",407,1,,,,,,40,74,6.10237766160166,-0.106169274942864
"Miller",418,1,,,,,,48,97,5.34854901635195,-0.0733351840275251
"Miller",403,1,,,,,,61,116,5.83053450880917,-0.0655456597010498
"Miller",401,1,,,,,,61,74,18.9938719385086,-0.279321646249551
"Miller",410,1,,,,,,63,114,6.30245320762228,-0.0708353804265889
"Miller",409,1,,,,,,121,169,10.9962408219907,-0.0755756579219565
"Sears House",327,1,,,,,,151,238,8.12389127718985,-0.041662532411975
"Miller",405,1,,,,,,155,114,11.9453924171478,-0.0884844385000859
"Miller",419,1,,,,,,155,114,11.9453924171478,-0.0884844385000859
"Miller",413,1,,,,,,223,179,16.6141776436148,-0.0824524948231229
"Miller",415,1,,,,,,223,,5169.41558441559,-23.1293760575378
"Goddard House",219,1,,,,,,244,276,29.5357285358217,-0.113380915684536
"Goddard House",230,1,,,,,,268,274,164.914109223347,-0.60741845017809
"Goddard House",229,1,,,,,,268,259,106.629190470505,-0.403898448751913
"Poland House",418,1,,,,,,359,458,14.9855248972384,-0.0366393559532094
"New Pembroke #3",103,1,,,,,,369,363,222.618862051804,-0.607418450345993
"Diman House",309,1,,,,,,474,503,61.1809446965352,-0.125114406332546
"Diman House",326,1,,,,,,478,486,219.361548106016,-0.454635332862218
"Caswell Hall",207,2,,,,,,509,530,89.8602209639934,-0.172808117238483
"Caswell Hall",211,2,,,,,,526,513,145.247261715887,-0.279321657145935
"Minden",505,1,,,,,,,65,1459.93019783461,-22.2890070630037
"Metcalf",224,1,,,,,,,103,2335.85611486002,-22.5686570530865
"Olney House",311,1,,,,,,,210,4900.57684327062,-23.2806499014025
"Olney House",309,1,,,,,,,225,5272.63624005752,-23.3819787345082
"Olney House",310,1,,,,,,,225,5272.63624005752,-23.3819787345082
"Olney House",312,1,,,,,,,284,6747.80623183949,-23.7181237663042
"Woolley",109,5,,,,,,,430,10144.4610529871,-23.5643695273716
"Harkness House",221,1,,,,,,,461,10784.6310694451,-23.368648115578
"Harkness House",220,1,,,,,,,467,10905.9739855444,-23.3282866799156
"Diman House",126,1,,,,,,,472,11006.5608515117,-23.294308761993
"Harkness House",222,1,,,,,,,475,11066.6958905378,-23.2738084748971
"Harkness House",219,1,,,,,,,477,11106.6999444205,-23.2601046789575
"Diman House",125,1,,,,,,,482,11206.4246290028,-23.2257506115769
"Diman House",124,1,,,,,,,484,11246.2057965363,-23.2119831540899
"Harkness House","226A",1,,,,,,,485,11266.074111427,-23.2050960933466
"Sears House","400B",7,1,,,,,,527,12090.0732736724,-22.9195702961035
"Harkness House",223,2,,,,,,,582,13142.3614208284,-22.5619940471093
"Olney House",116,2,,,,,,,586,13216.8423305966,-22.5351107411675
"Diman House",228,2,,,,,,,595,13382.641890583,-22.4729505121821
"Diman House",127,2,,,,,,,610,13651.9869968703,-22.3619773729131
"Harkness House",224,2,,,,,,,626,13925.5772135207,-22.2275778108604
"Sears House",323,2,,,,,,,636,14085.635426406,-22.1298284666512
"Chapin House",229,2,,,,,,,676,14385.2544179215,-21.264246437847
"Chapin House",230,2,,,,,,,676,14385.2544179215,-21.264246437847
